lon,lat,p_iid,p_bym,p_bym_cov
99.2559,26.658,0.17784431137724552,0.3661676646706587,0.3461077844311377
102.2906,27.9682,1.0,1.0,1.0
100.7639,28.0043,0.7251497005988023,0.6892215568862275,0.6748502994011976
99.2361,28.0043,0.18502994011976048,0.24580838323353293,0.23802395209580837
102.3533,29.332,0.5658682634730539,0.5646706586826348,0.5637724550898203
100.7848,29.3696,0.3916167664670659,0.3976047904191617,0.38922155688622756
99.2152,29.3696,0.4347305389221557,0.39580838323353296,0.37544910179640717
97.6467,29.332,0.7221556886227545,0.7332335329341317,0.7502994011976047
96.0818,29.2568,0.9167664670658683,0.5679640718562874,0.5553892215568862
94.5226,29.1444,1.0,0.9994011976047904,1.0
92.9716,28.9951,0.8868263473053892,0.7970059880239521,0.7940119760479042
91.4309,28.8094,0.8476047904191617,0.8502994011976048,0.8407185628742515
104.0283,30.6363,1.0,1.0,1.0
97.5805,30.7146,0.640119760479042,0.631437125748503,0.6580838323353293
95.9717,30.6363,0.9808383233532935,0.9589820359281437,0.9637724550898203
91.1932,30.1701,0.9281437125748503,0.8137724550898203,0.8152694610778443
89.6242,29.9394,0.994311377245509,0.9949101796407186,0.9937125748502994
88.0707,29.6723,0.9392215568862275,0.9188622754491018,0.9119760479041916
86.5348,29.3696,0.9607784431137725,0.9452095808383234,0.9452095808383234
83.5231,28.6616,0.6724550898203593,0.6634730538922156,0.6931137724550899
112.2648,31.0298,1.0,1.0,1.0
110.6698,31.308,1.0,1.0,1.0
109.0579,31.5483,1.0,1.0,1.0
107.4314,31.7499,1.0,1.0,1.0
104.1446,32.0343,0.5452095808383234,0.6266467065868263,0.5961077844311378
100.8303,32.1569,0.1754491017964072,0.18982035928143712,0.19011976047904192
95.8554,32.0343,0.9407185628742515,0.862874251497006,0.8649700598802396
92.5686,31.7499,0.9287425149700599,0.8212574850299401,0.8194610778443113
90.9421,31.5483,0.7428143712574851,0.5553892215568862,0.5526946107784431
89.3302,31.308,0.9655688622754491,0.7628742514970059,0.767065868263473
87.7352,31.0298,0.9619760479041917,0.9110778443113773,0.9107784431137724
86.1593,30.7146,0.8730538922155688,0.7455089820359282,0.7514970059880239
84.6045,30.3635,0.8164670658682635,0.8209580838323354,0.8188622754491018
83.0725,29.9778,0.968562874251497,0.8709580838323353,0.8817365269461078
81.5651,29.5585,0.9997005988023953,0.9853293413173653,0.9889221556886227
118.9465,30.8718,1.0,1.0,1.0
117.4027,31.308,1.0,1.0,1.0
115.8324,31.7095,1.0,1.0,1.0
114.2373,32.0751,1.0,1.0,1.0
112.6193,32.4034,1.0,1.0,1.0
110.9807,32.6934,1.0,1.0,1.0
109.3236,32.944,0.8892215568862275,0.8679640718562874,0.865568862275449
107.6507,33.1542,0.7146706586826347,0.6763473053892216,0.6586826347305389
105.9645,33.3234,0.5541916167664671,0.6107784431137725,0.6281437125748504
104.2679,33.4508,0.38622754491017963,0.40658682634730536,0.37664670658682636
102.5638,33.536,0.2473053892215569,0.2404191616766467,0.22395209580838324
100.8551,33.5787,0.4538922155688623,0.22664670658682634,0.2119760479041916
97.4362,33.536,0.8610778443113772,0.5649700598802395,0.5446107784431138
94.0355,33.3234,0.974251497005988,0.9119760479041916,0.9308383233532934
92.3493,33.1542,0.6050898203592814,0.35508982035928144,0.35179640718562877
90.6764,32.944,0.9482035928143713,0.774251497005988,0.8005988023952095
89.0193,32.6934,0.8065868263473054,0.5470059880239521,0.5209580838323353
87.3807,32.4034,0.5479041916167665,0.35568862275449104,0.3505988023952096
85.7627,32.0751,0.7790419161676647,0.5601796407185629,0.5502994011976048
84.1676,31.7095,0.6667664670658683,0.5973053892215568,0.579940119760479
82.5973,31.308,0.7769461077844312,0.7631736526946108,0.761377245508982
117.9044,32.6518,1.0,1.0,1.0
116.294,33.07,1.0,1.0,1.0
114.6568,33.4508,1.0,1.0,1.0
112.9946,33.7931,0.7383233532934131,0.7101796407185629,0.7056886227544911
111.3099,34.0954,0.8592814371257484,0.8356287425149701,0.8461077844311378
109.6052,34.3568,0.8688622754491018,0.887125748502994,0.8823353293413174
107.8831,34.5762,0.7739520958083832,0.8017964071856287,0.7892215568862275
102.6425,34.9748,0.7221556886227545,0.75,0.7239520958083833
100.8814,35.0194,0.5347305389221557,0.5221556886227545,0.511377245508982
97.3575,34.9748,0.9760479041916168,0.7949101796407185,0.8095808383233533
95.6013,34.8858,0.9149700598802395,0.6748502994011976,0.6796407185628742
93.8534,34.7528,0.8407185628742515,0.5646706586826348,0.5601796407185629
92.1169,34.5762,0.8188622754491018,0.5658682634730539,0.5904191616766467
88.6901,34.0954,0.9553892215568862,0.7988023952095809,0.8
87.0054,33.7931,0.8745508982035928,0.6494011976047904,0.672754491017964
85.3432,33.4508,0.5796407185628742,0.2655688622754491,0.24820359281437127
83.706,33.07,0.787125748502994,0.5302395209580838,0.5296407185628742
82.0956,32.6518,0.6227544910179641,0.5631736526946107,0.5586826347305389
80.5139,32.1978,0.7973053892215569,0.834131736526946,0.8359281437125748
118.4349,34.0087,1.0,1.0,1.0
116.7826,34.4444,0.8622754491017964,0.8622754491017964,0.8526946107784431
115.1011,34.8414,0.5844311377245509,0.4847305389221557,0.4682634730538922
113.3925,35.1983,0.6910179640718563,0.7092814371257485,0.6988023952095809
111.6593,35.5138,0.6161676646706586,0.5676646706586826,0.5688622754491018
109.9042,35.7866,0.4416167664670659,0.35119760479041917,0.3437125748502994
102.7263,36.432,0.5964071856287425,0.5062874251497006,0.4997005988023952
100.9094,36.4786,0.6568862275449102,0.4781437125748503,0.468562874251497
99.0906,36.4786,0.8691616766467066,0.862874251497006,0.8398203592814372
97.2737,36.432,0.687125748502994,0.6197604790419161,0.6320359281437126
93.6598,36.2001,0.12994011976047903,0.162874251497006,0.1437125748502994
91.8699,36.0157,0.8853293413173653,0.4745508982035928,0.47724550898203594
88.3407,35.5138,0.9059880239520958,0.6332335329341318,0.6377245508982036
86.6075,35.1983,0.859880239520958,0.5832335329341317,0.5823353293413174
84.8989,34.8414,0.8577844311377245,0.5482035928143713,0.5404191616766467
83.2174,34.4444,0.49850299401197606,0.29820359281437125,0.2781437125748503
81.5651,34.0087,0.7805389221556887,0.49520958083832334,0.4808383233532934
79.9439,33.536,0.9643712574850299,0.8928143712574851,0.9152694610778443
118.9967,35.3782,0.859880239520958,0.8730538922155688,0.8712574850299402
117.3005,35.8323,0.9365269461077844,0.9479041916167664,0.9359281437125748
115.5725,36.2463,0.7431137724550898,0.7458083832335329,0.7251497005988023
113.815,36.6188,0.7452095808383233,0.7619760479041916,0.7538922155688623
112.0306,36.9482,0.7350299401197605,0.712874251497006,0.7065868263473054
110.2222,37.2331,0.7332335329341317,0.7092814371257485,0.7011976047904191
108.3929,37.4725,0.27694610778443113,0.23952095808383234,0.21047904191616768
106.5463,37.6652,0.19520958083832335,0.18023952095808382,0.15838323353293413
104.6859,37.8105,0.4041916167664671,0.36407185628742517,0.3523952095808383
102.8156,37.9077,0.4724550898203593,0.5383233532934132,0.5092814371257485
100.9392,37.9564,0.65,0.4745508982035928,0.4374251497005988
99.0608,37.9564,0.982934131736527,0.8982035928143712,0.9095808383233533
95.3141,37.8105,0.8550898203592814,0.7179640718562874,0.7449101796407186
93.4537,37.6652,0.10359281437125749,0.20209580838323354,0.19610778443113772
91.6071,37.4725,0.24880239520958083,0.36976047904191617,0.37664670658682636
89.7778,37.2331,0.6428143712574851,0.5859281437125748,0.5712574850299401
87.9694,36.9482,0.668562874251497,0.5718562874251497,0.568562874251497
86.185,36.6188,0.7751497005988024,0.6491017964071857,0.6329341317365269
84.4275,36.2463,0.7305389221556886,0.6832335329341317,0.6913173652694611
81.0033,35.3782,0.8967065868263473,0.6482035928143712,0.6485029940119761
119.5923,36.7595,0.6664670658682634,0.7652694610778443,0.770059880239521
117.8503,37.2331,0.5233532934131736,0.48532934131736527,0.4754491017964072
116.0736,37.6652,0.7164670658682635,0.7359281437125749,0.7338323353293413
114.2645,38.0541,0.829940119760479,0.8520958083832335,0.8437125748502994
112.4259,38.3982,0.7347305389221557,0.7479041916167665,0.7359281437125749
110.561,38.696,0.7982035928143713,0.7907185628742515,0.767065868263473
108.6732,38.9462,0.307185628742515,0.29101796407185626,0.29820359281437125
106.7662,39.1478,0.6769461077844311,0.6832335329341317,0.6751497005988024
104.844,39.2999,0.3664670658682635,0.3778443113772455,0.37395209580838323
102.9108,39.4016,0.27395209580838326,0.22335329341317364,0.2119760479041916
100.971,39.4526,0.18952095808383235,0.19820359281437125,0.18802395209580838
99.029,39.4526,0.2182634730538922,0.21077844311377245,0.18952095808383235
97.0892,39.4016,0.7508982035928143,0.7464071856287425,0.7464071856287425
95.156,39.2999,0.1532934131736527,0.21347305389221558,0.18383233532934132
93.2338,39.1478,0.25898203592814373,0.22574850299401197,0.2251497005988024
91.3268,38.9462,0.18113772455089822,0.14760479041916166,0.13952095808383233
89.439,38.696,0.624251497005988,0.4883233532934132,0.49700598802395207
87.5741,38.3982,0.774251497005988,0.6604790419161677,0.6733532934131736
85.7355,38.0541,0.7461077844311377,0.6970059880239521,0.6946107784431138
83.9264,37.6652,0.6817365269461078,0.8086826347305389,0.812874251497006
82.1497,37.2331,0.6206586826347306,0.5532934131736527,0.5440119760479042
69.3227,32.4447,0.7574850299401198,0.9008982035928144,0.8970059880239521
67.9074,31.7095,0.9583832335329341,0.9853293413173653,0.9859281437125749
128.54,35.1087,1.0,1.0,1.0
126.9657,35.7866,0.6290419161676647,0.5155688622754491,0.5050898203592814
116.607,39.0973,0.7026946107784431,0.7673652694610779,0.755688622754491
114.7436,39.5036,0.7775449101796407,0.7859281437125748,0.7964071856287425
112.8477,39.8634,0.8032934131736527,0.8461077844311378,0.8595808383233533
110.9228,40.1749,0.9203592814371258,0.9062874251497006,0.9137724550898204
108.9726,40.4368,0.5610778443113772,0.5739520958083832,0.5850299401197605
107.0013,40.6478,0.3598802395209581,0.38233532934131736,0.37604790419161677
105.0131,40.807,0.49520958083832334,0.3601796407185629,0.3317365269461078
103.0128,40.9135,0.2437125748502994,0.2059880239520958,0.17724550898203592
101.0051,40.9669,0.20329341317365268,0.07125748502994012,0.059880239520958084
98.9949,40.9669,0.6844311377245509,0.5769461077844311,0.5793413173652695
96.9872,40.9135,0.6179640718562874,0.5035928143712575,0.5092814371257485
94.9869,40.807,0.2341317365269461,0.10089820359281437,0.07994011976047904
92.9987,40.6478,0.37964071856287424,0.3332335329341317,0.3011976047904192
91.0274,40.4368,0.63562874251497,0.6404191616766467,0.6353293413173653
89.0772,40.1749,0.1029940119760479,0.18023952095808382,0.15778443113772456
87.1523,39.8634,0.3652694610778443,0.36976047904191617,0.35538922155688624
85.2564,39.5036,0.4664670658682635,0.34550898203592817,0.3476047904191617
83.393,39.0973,0.7431137724550898,0.8215568862275449,0.8281437125748503
81.5651,38.6462,0.8305389221556886,0.8520958083832335,0.8544910179640719
79.7751,38.152,0.5913173652694611,0.7401197604790419,0.7422155688622755
78.0255,37.6169,0.4050898203592814,0.36976047904191617,0.3287425149700599
68.4486,33.6643,0.7419161676646706,0.8679640718562874,0.868562874251497
67.0115,32.9021,0.21377245508982035,0.3332335329341317,0.33652694610778444
129.4072,36.3855,0.4350299401197605,0.61437125748503,0.6149700598802396
127.8015,37.0903,0.26706586826347306,0.26077844311377246,0.262874251497006
126.1468,37.762,0.6389221556886228,0.5910179640718562,0.584131736526946
119.0577,40.0707,0.35778443113772457,0.4062874251497006,0.4227544910179641
117.1759,40.5421,0.5724550898203593,0.6742514970059881,0.6589820359281438
115.2551,40.9669,0.7158682634730539,0.6865269461077844,0.6811377245508982
113.2986,41.3433,0.5383233532934132,0.46107784431137727,0.4598802395209581
111.3099,41.6694,0.9284431137724551,0.8790419161676647,0.8697604790419161
109.2933,41.9436,0.551497005988024,0.49191616766467067,0.48263473053892214
107.2532,42.1647,0.6,0.562874251497006,0.5751497005988024
105.1944,42.3316,0.7035928143712575,0.6434131736526946,0.6011976047904192
103.1221,42.4433,0.34940119760479044,0.2559880239520958,0.23982035928143713
101.0416,42.4993,0.37604790419161677,0.4026946107784431,0.3850299401197605
98.9584,42.4993,0.38143712574850297,0.27395209580838326,0.27065868263473053
96.8779,42.4433,0.3721556886227545,0.31047904191616765,0.2841317365269461
94.8056,42.3316,0.21706586826347304,0.13233532934131736,0.11646706586826347
92.7468,42.1647,0.5065868263473053,0.5745508982035928,0.5383233532934132
90.7067,41.9436,0.22934131736526947,0.3026946107784431,0.2907185628742515
88.6901,41.6694,0.4233532934131736,0.362874251497006,0.3260479041916168
86.7014,41.3433,0.27035928143712573,0.11526946107784432,0.11586826347305389
84.7449,40.9669,0.47724550898203594,0.255688622754491,0.20359281437125748
82.8241,40.5421,0.7961077844311377,0.8754491017964072,0.8619760479041916
80.9423,40.0707,0.6982035928143713,0.8467065868263473,0.8122754491017964
79.1022,39.5548,0.5044910179640718,0.6718562874251497,0.6622754491017964
77.3062,38.9965,0.15269461077844312,0.2410179640718563,0.2281437125748503
67.5288,34.8858,0.44520958083832335,0.437125748502994,0.4296407185628742
66.0702,34.0954,0.5089820359281437,0.3317365269461078,0.30359281437125746
64.6599,33.281,0.08203592814371258,0.25449101796407186,0.2179640718562874
63.2971,32.4447,1.0,1.0,1.0
126.9958,39.0973,0.36676646706586824,0.718562874251497,0.6823353293413174
125.2532,39.7602,0.30508982035928145,0.2748502994011976,0.2619760479041916
123.459,40.3842,0.7514970059880239,0.8263473053892215,0.832934131736527
121.6148,40.9669,0.33532934131736525,0.4275449101796407,0.44011976047904194
119.7223,41.5059,0.4994011976047904,0.42664670658682635,0.4365269461077844
117.7839,41.9988,0.4308383233532934,0.568562874251497,0.5523952095808383
115.8025,42.4433,0.5796407185628742,0.36407185628742517,0.3467065868263473
113.7816,42.8373,0.6410179640718563,0.5757485029940119,0.5823353293413174
111.7251,43.1789,0.8452095808383233,0.7892215568862275,0.8020958083832336
109.6375,43.4664,0.7305389221556886,0.7098802395209581,0.7038922155688623
107.5238,43.6983,0.7,0.6988023952095809,0.6895209580838323
105.3893,43.8733,0.8511976047904192,0.792814371257485,0.7622754491017965
103.2397,43.9906,0.9532934131736527,0.9296407185628742,0.9350299401197605
101.0809,44.0493,0.3907185628742515,0.34970059880239523,0.3011976047904192
98.9191,44.0493,0.48622754491017967,0.6311377245508982,0.6038922155688623
96.7603,43.9906,0.6568862275449102,0.6865269461077844,0.6832335329341317
94.6107,43.8733,0.1410179640718563,0.3092814371257485,0.2832335329341317
92.4762,43.6983,0.27215568862275447,0.28562874251497006,0.3077844311377245
90.3625,43.4664,0.013772455089820359,0.07245508982035928,0.0625748502994012
88.2749,43.1789,0.02035928143712575,0.07664670658682635,0.07934131736526946
86.2184,42.8373,0.2631736526946108,0.3137724550898204,0.2964071856287425
84.1975,42.4433,0.6011976047904192,0.45838323353293414,0.44461077844311375
82.2161,41.9988,0.04431137724550898,0.26017964071856287,0.24131736526946107
80.2777,41.5059,0.5520958083832336,0.45149700598802395,0.4368263473053892
78.3852,40.9669,0.8877245508982036,0.8502994011976048,0.8356287425149701
76.541,40.3842,0.7694610778443114,0.704191616766467,0.7338323353293413
69.6764,37.6652,0.07395209580838323,0.22904191616766467,0.231437125748503
65.0806,35.2881,0.04580838323353294,0.12574850299401197,0.1188622754491018
63.6525,34.4444,0.06497005988023952,0.13532934131736526,0.12724550898203593
62.275,33.5787,0.8955089820359281,0.9383233532934132,0.9392215568862275
57.2457,29.9394,1.0,1.0,1.0
124.2744,41.7788,0.6598802395209581,0.6170658682634731,0.6035928143712574
122.3801,42.3874,0.3323353293413174,0.3326347305389222,0.34281437125748504
120.4328,42.9508,0.4431137724550898,0.4946107784431138,0.4745508982035928
118.4349,43.4664,0.5095808383233533,0.584131736526946,0.5736526946107784
116.3895,43.9319,0.7308383233532935,0.45239520958083834,0.4550898203592814
114.3003,44.3448,0.6763473053892216,0.5104790419161677,0.5083832335329341
112.1715,44.7031,0.824251497005988,0.7116766467065868,0.7074850299401197
110.008,45.0047,0.31137724550898205,0.2874251497005988,0.287125748502994
107.8153,45.2482,0.3964071856287425,0.35149700598802397,0.3532934131736527
105.5993,45.432,0.8640718562874251,0.7910179640718563,0.7859281437125748
103.3665,45.5551,0.9835329341317365,0.9808383233532935,0.9793413173652694
101.1233,45.6169,0.9230538922155689,0.9035928143712575,0.9053892215568863
98.8767,45.6169,0.9377245508982036,0.9655688622754491,0.9604790419161676
96.6335,45.5551,0.9053892215568863,0.7541916167664671,0.7464071856287425
94.4007,45.432,0.320059880239521,0.23323353293413174,0.23023952095808384
92.1847,45.2482,0.38023952095808383,0.3254491017964072,0.32395209580838324
89.992,45.0047,0.7260479041916168,0.5802395209580838,0.5425149700598803
87.8285,44.7031,0.3916167664670659,0.09550898203592814,0.0781437125748503
85.6997,44.3448,0.004790419161676647,0.04401197604790419,0.03682634730538922
83.6105,43.9319,0.0011976047904191617,0.12664670658682634,0.10688622754491017
77.6199,42.3874,0.2682634730538922,0.30389221556886226,0.3092814371257485
75.7256,41.7788,0.831437125748503,0.6721556886227545,0.6763473053892216
68.707,38.9462,0.10149700598802396,0.06407185628742515,0.06077844311377246
65.5392,37.3286,0.9544910179640719,0.9422155688622754,0.9479041916167664
64.0395,36.4786,0.9101796407185628,0.942814371257485,0.9544910179640719
62.5946,35.6045,0.9299401197604791,0.9580838323353293,0.9497005988023952
61.2034,34.7085,0.9790419161676647,0.9721556886227545,0.9727544910179641
59.8645,33.7931,1.0,1.0,1.0
58.5763,32.8602,1.0,1.0,1.0
56.1458,30.9507,1.0,1.0,1.0
55.0,29.9778,1.0,1.0,1.0
53.8983,28.9951,1.0,1.0,1.0
128.8557,41.7788,0.4311377245508982,0.2994011976047904,0.2904191616766467
127.0309,42.4993,0.938622754491018,0.7485029940119761,0.7583832335329341
125.1448,43.1789,0.817065868263473,0.7095808383233533,0.7191616766467066
123.1986,43.8149,0.45149700598802395,0.39850299401197603,0.3853293413173653
121.1941,44.4042,0.39401197604790417,0.2745508982035928,0.26407185628742513
119.1336,44.9442,0.34970059880239523,0.15239520958083833,0.15538922155688623
117.0205,45.432,0.7784431137724551,0.49640718562874253,0.5068862275449102
114.8586,45.8651,0.43832335329341315,0.1664670658682635,0.1688622754491018
112.6526,46.2411,0.6949101796407186,0.3910179640718563,0.3967065868263473
110.4077,46.558,0.36137724550898204,0.1473053892215569,0.15389221556886226
108.1301,46.8138,0.25479041916167666,0.14520958083832336,0.16137724550898203
105.8263,47.0071,0.17904191616766468,0.0562874251497006,0.05718562874251497
103.5035,47.1366,0.34550898203592817,0.21676646706586827,0.23562874251497007
101.1691,47.2016,0.7011976047904191,0.5158682634730539,0.5511976047904191
98.8309,47.2016,0.8431137724550898,0.6179640718562874,0.6353293413173653
96.4965,47.1366,0.9871257485029941,0.8982035928143712,0.8811377245508982
94.1737,47.0071,0.6461077844311377,0.837125748502994,0.8467065868263473
91.8699,46.8138,0.08383233532934131,0.10239520958083832,0.09191616766467066
89.5923,46.558,0.1029940119760479,0.137125748502994,0.14580838323353293
87.3474,46.2411,0.36946107784431137,0.20419161676646708,0.20179640718562875
85.1414,45.8651,0.016467065868263474,0.03323353293413173,0.026646706586826347
82.9795,45.432,0.2308383233532934,0.18862275449101795,0.18892215568862275
80.8664,44.9442,0.029341317365269463,0.5473053892215569,0.4562874251497006
78.8059,44.4042,0.8682634730538922,0.8194610778443113,0.807185628742515
76.8014,43.8149,0.2712574850299401,0.3532934131736527,0.33592814371257484
74.8552,43.1789,0.3347305389221557,0.7853293413173653,0.7931137724550898
69.3814,41.0204,0.4748502994011976,0.5625748502994012,0.5404191616766467
67.6804,40.2271,0.17604790419161676,0.2994011976047904,0.27335329341317366
66.0409,39.4016,0.7523952095808383,0.8224550898203593,0.8353293413173652
64.4623,38.5467,0.7727544910179641,0.7059880239520958,0.7056886227544911
61.4831,36.7595,0.8862275449101796,0.8748502994011976,0.8892215568862275
60.0796,35.8323,0.7308383233532935,0.7793413173652695,0.7850299401197605
58.7314,34.8858,1.0,1.0,1.0
57.4366,33.9223,1.0,1.0,1.0
55.0,31.9528,1.0,1.0,1.0
53.8542,30.9507,0.8604790419161676,0.8532934131736527,0.8601796407185629
52.7543,29.9394,0.46526946107784434,0.3835329341317365,0.35179640718562877
129.876,43.1217,0.47065868263473054,0.38682634730538923,0.39520958083832336
128.0092,43.8733,0.6011976047904192,0.344311377245509,0.33592814371257484
126.0754,44.5832,0.6586826347305389,0.5431137724550898,0.5565868263473054
124.0755,45.2482,0.7338323353293413,0.8203592814371258,0.8326347305389221
122.0113,45.8651,0.7949101796407185,0.7991017964071856,0.8116766467065868
119.8852,46.4309,0.858682634730539,0.6182634730538922,0.6275449101796408
117.7004,46.9425,0.6955089820359281,0.38173652694610777,0.3979041916167665
115.4612,47.3973,0.10059880239520957,0.03413173652694611,0.03622754491017964
113.1726,47.7924,0.8137724550898203,0.5544910179640719,0.5808383233532934
110.8403,48.1256,0.9218562874251497,0.7802395209580838,0.8116766467065868
108.4711,48.3948,0.5700598802395209,0.49700598802395207,0.5035928143712575
106.0725,48.5983,0.6455089820359281,0.3523952095808383,0.38682634730538923
103.6522,48.7347,0.3973053892215569,0.31047904191616765,0.3410179640718563
101.2189,48.8031,0.911377245508982,0.8679640718562874,0.884431137724551
98.7811,48.8031,0.5826347305389221,0.5173652694610779,0.520059880239521
96.3478,48.7347,0.7538922155688623,0.542814371257485,0.5595808383233533
93.9275,48.5983,0.4095808383233533,0.3029940119760479,0.2940119760479042
89.1597,48.1256,0.5979041916167664,0.5679640718562874,0.5491017964071856
84.5388,47.3973,0.19580838323353295,0.17874251497005988,0.19520958083832335
82.2996,46.9425,0.20089820359281438,0.09550898203592814,0.08952095808383234
80.1148,46.4309,0.6646706586826348,0.41437125748502995,0.37514970059880237
77.9887,45.8651,0.7766467065868263,0.5586826347305389,0.5206586826347306
75.9245,45.2482,0.5434131736526946,0.38023952095808383,0.3724550898203593
73.9246,44.5832,0.7838323353293413,0.7161676646706587,0.6907185628742515
71.9908,43.8733,0.49101796407185627,0.5302395209580838,0.5104790419161677
70.124,43.1217,0.47335329341317367,0.48892215568862274,0.4676646706586826
68.3245,42.3316,0.23952095808383234,0.2934131736526946,0.2874251497005988
66.5922,41.5059,0.37514970059880237,0.3197604790419162,0.320059880239521
64.9262,40.6478,0.5437125748502994,0.5092814371257485,0.47155688622754494
63.3257,39.7602,0.6470059880239521,0.5577844311377246,0.5730538922155689
61.789,38.8459,0.4907185628742515,0.47784431137724553,0.47784431137724553
57.5448,35.9697,0.9721556886227545,0.9784431137724551,0.9793413173652694
56.2454,34.9748,1.0,1.0,1.0
55.0,33.9655,1.0,1.0,1.0
53.8065,32.944,0.2907185628742515,0.09491017964071856,0.09610778443113772
51.5664,30.8718,0.6455089820359281,0.8350299401197605,0.8167664670658683
132.7995,43.6402,0.8290419161676646,0.7110778443113772,0.7215568862275449
130.9638,44.4638,0.5715568862275449,0.36407185628742517,0.3458083832335329
129.0546,45.2482,0.7607784431137724,0.5724550898203593,0.557185628742515
127.0721,45.9899,0.918562874251497,0.7805389221556887,0.7925149700598803
125.0169,46.6857,0.9041916167664671,0.8559880239520958,0.8790419161676647
122.8906,47.3319,0.35419161676646704,0.4805389221556886,0.5002994011976047
120.6955,47.9253,0.9748502994011976,0.8547904191616766,0.8601796407185629
118.4349,48.4625,0.5973053892215568,0.294311377245509,0.3158682634730539
116.1134,48.9404,0.517065868263473,0.2997005988023952,0.3281437125748503
113.7363,49.3561,0.95,0.8008982035928144,0.8083832335329342
111.3099,49.707,0.9790419161676647,0.9601796407185629,0.957185628742515
108.8418,49.9906,0.8116766467065868,0.687125748502994,0.6901197604790419
106.3402,50.2051,0.6296407185628743,0.35538922155688624,0.37964071856287424
103.8141,50.3489,0.7305389221556886,0.7272455089820359,0.7416167664670659
101.273,50.4211,0.12904191616766467,0.12874251497005987,0.13532934131736526
98.727,50.4211,0.7760479041916167,0.8260479041916168,0.7952095808383234
96.1859,50.3489,0.761377245508982,0.8044910179640719,0.7850299401197605
93.6598,50.2051,0.7086826347305389,0.7146706586826347,0.7092814371257485
88.6901,49.707,0.879940119760479,0.832934131736527,0.8161676646706587
86.2637,49.3561,0.8508982035928143,0.8646706586826347,0.8544910179640719
83.8866,48.9404,0.7880239520958083,0.6982035928143713,0.7104790419161676
81.5651,48.4625,0.8446107784431137,0.6230538922155688,0.65
79.3045,47.9253,0.8473053892215568,0.6164670658682635,0.5658682634730539
77.1094,47.3319,0.7176646706586827,0.4026946107784431,0.39580838323353296
74.9831,46.6857,0.42095808383233535,0.19850299401197605,0.1784431137724551
72.9279,45.9899,0.8041916167664671,0.562874251497006,0.5482035928143713
70.9454,45.2482,0.8116766467065868,0.6634730538922156,0.6434131736526946
69.0362,44.4638,0.34880239520958084,0.3092814371257485,0.2715568862275449
67.2005,43.6402,0.2997005988023952,0.25269461077844313,0.24251497005988024
65.4375,42.7807,0.634431137724551,0.6640718562874252,0.6485029940119761
63.7462,41.8886,0.6631736526946108,0.7125748502994012,0.6991017964071856
62.125,40.9669,0.4568862275449102,0.5188622754491018,0.5275449101796407
60.5722,40.0187,0.14850299401197606,0.11317365269461079,0.10508982035928144
59.0856,39.0469,0.2772455089820359,0.20329341317365268,0.19520958083832335
56.302,37.0429,0.03502994011976048,0.04940119760479042,0.0407185628742515
53.7546,34.9748,1.0,1.0,1.0
52.5634,33.9223,0.7505988023952096,0.6368263473053892,0.6395209580838324
50.3331,31.7904,0.5745508982035928,0.5940119760479042,0.5491017964071856
135.789,44.0493,0.3275449101796407,0.5233532934131736,0.4781437125748503
133.9965,44.9442,0.7287425149700599,0.45209580838323354,0.494311377245509
132.125,45.8028,0.7287425149700599,0.4095808383233533,0.4494011976047904
130.1735,46.6218,0.8350299401197605,0.6389221556886228,0.645808383233533
128.1416,47.3973,0.8925149700598802,0.7754491017964071,0.7910179640718563
126.0296,48.1256,0.7616766467065869,0.4422155688622755,0.4431137724550898
123.8387,48.8031,0.8458083832335329,0.6377245508982036,0.6583832335329342
121.5713,49.426,0.9553892215568862,0.7745508982035928,0.7781437125748503
119.2307,49.9906,0.8182634730538922,0.468562874251497,0.5146706586826347
116.8214,50.4935,0.7215568862275449,0.4476047904191617,0.4419161676646707
114.3493,50.9313,0.8544910179640719,0.7053892215568862,0.7263473053892215
111.8215,51.3012,0.9407185628742515,0.7467065868263473,0.7655688622754491
109.2461,51.6005,0.7479041916167665,0.4718562874251497,0.494311377245509
106.6325,51.8269,0.7038922155688623,0.5568862275449101,0.531437125748503
103.9909,51.9789,0.704191616766467,0.6934131736526946,0.7047904191616766
101.3322,52.0552,0.7772455089820359,0.8631736526946108,0.8311377245508982
98.6678,52.0552,0.9059880239520958,0.9299401197604791,0.8994011976047904
96.0091,51.9789,0.5188622754491018,0.7224550898203593,0.6973053892215569
93.3675,51.8269,0.6610778443113773,0.7535928143712575,0.7407185628742515
90.7539,51.6005,0.6359281437125749,0.7895209580838324,0.7961077844311377
88.1785,51.3012,0.8380239520958084,0.8745508982035928,0.8461077844311378
85.6507,50.9313,0.6901197604790419,0.8239520958083832,0.8338323353293413
83.1786,50.4935,0.9523952095808383,0.8808383233532934,0.8718562874251496
80.7693,49.9906,0.9029940119760479,0.7550898203592814,0.7514970059880239
78.4287,49.426,0.6368263473053892,0.5748502994011976,0.5745508982035928
76.1613,48.8031,0.7895209580838324,0.6470059880239521,0.6350299401197604
73.9704,48.1256,0.7568862275449102,0.475748502994012,0.46107784431137727
71.8584,47.3973,0.8994011976047904,0.7793413173652695,0.744311377245509
69.8265,46.6218,0.7125748502994012,0.6296407185628743,0.6323353293413174
67.875,45.8028,0.5410179640718563,0.4104790419161677,0.38562874251497004
66.0035,44.9442,0.5035928143712575,0.5502994011976048,0.5188622754491018
64.211,44.0493,0.2694610778443114,0.21946107784431138,0.21347305389221558
62.4959,43.1217,0.03982035928143712,0.059880239520958084,0.051796407185628744
60.856,42.1647,0.24520958083832337,0.18562874251497005,0.181437125748503
59.2892,41.1814,0.5562874251497006,0.5350299401197605,0.5233532934131736
57.7927,40.1749,0.2218562874251497,0.2778443113772455,0.27065868263473053
56.3639,39.1478,0.4622754491017964,0.5287425149700599,0.5476047904191617
51.2686,34.8858,0.761377245508982,0.8,0.812874251497006
49.0531,32.6934,0.3449101796407186,0.6428143712574851,0.6218562874251496
137.0928,45.3093,0.32964071856287425,0.47155688622754494,0.4604790419161677
135.2724,46.2411,0.8191616766467066,0.6365269461077845,0.6637724550898204
133.3664,47.1366,0.8266467065868264,0.5631736526946107,0.5781437125748503
131.373,47.9919,0.9778443113772455,0.9032934131736527,0.9206586826347305
129.2914,48.8031,0.9110778443113773,0.731437125748503,0.7434131736526947
127.1213,49.5661,0.9431137724550899,0.7589820359281437,0.7934131736526946
124.8637,50.2769,0.9470059880239521,0.725748502994012,0.768562874251497
122.5206,50.9313,0.7344311377245509,0.47784431137724553,0.4997005988023952
120.0952,51.5254,0.5182634730538922,0.2955089820359281,0.3149700598802395
117.5924,52.0552,0.7775449101796407,0.4311377245508982,0.46407185628742514
115.0184,52.517,0.9583832335329341,0.8317365269461078,0.8607784431137725
112.3808,52.9076,0.45149700598802395,0.36736526946107784,0.4053892215568862
109.6888,53.2238,0.8068862275449101,0.7410179640718563,0.7365269461077845
106.953,53.4633,0.9535928143712575,0.9179640718562875,0.9119760479041916
104.1849,53.6241,0.8535928143712574,0.7269461077844311,0.731437125748503
101.3972,53.7049,0.854191616766467,0.7862275449101797,0.8137724550898203
98.6028,53.7049,0.681437125748503,0.8565868263473054,0.862874251497006
93.047,53.4633,0.7407185628742515,0.831437125748503,0.8359281437125748
90.3112,53.2238,0.9574850299401197,0.9745508982035929,0.9754491017964072
87.6192,52.9076,0.8706586826347306,0.831437125748503,0.8053892215568862
84.9816,52.517,0.9511976047904191,0.8676646706586826,0.8712574850299402
82.4076,52.0552,0.9245508982035928,0.8559880239520958,0.8589820359281437
79.9048,51.5254,0.8961077844311377,0.7610778443113773,0.7470059880239521
77.4794,50.9313,0.561377245508982,0.48592814371257487,0.4410179640718563
75.1363,50.2769,0.8278443113772455,0.6706586826347305,0.667065868263473
72.8787,49.5661,0.9347305389221557,0.7832335329341318,0.7847305389221557
70.7086,48.8031,0.6604790419161677,0.4491017964071856,0.4302395209580838
68.627,47.9919,0.7607784431137724,0.5760479041916168,0.5443113772455089
66.6336,47.1366,0.668562874251497,0.48862275449101794,0.4658682634730539
64.7276,46.2411,0.16347305389221556,0.19910179640718562,0.16826347305389222
62.9072,45.3093,0.14221556886227546,0.17694610778443115,0.13952095808383233
61.1702,44.3448,0.005688622754491018,0.0374251497005988,0.02874251497005988
59.514,43.3511,0.05658682634730539,0.14491017964071856,0.1251497005988024
57.9357,42.3316,0.07694610778443113,0.12664670658682634,0.12425149700598802
56.4321,41.2892,0.41946107784431136,0.3649700598802395,0.36946107784431137
55.0,40.2271,0.22095808383233534,0.3161676646706587,0.29790419161676646
48.7966,34.7085,0.8862275449101796,0.9149700598802395,0.9311377245508982
47.725,33.5787,0.4607784431137725,0.6212574850299402,0.5988023952095808
136.6341,47.5284,0.9646706586826347,0.9323353293413174,0.9407185628742515
134.6952,48.4625,0.9871257485029941,0.9556886227544911,0.9655688622754491
132.6609,49.3561,0.7194610778443113,0.5997005988023952,0.5844311377245509
130.5297,50.2051,0.981437125748503,0.9236526946107785,0.925748502994012
128.3008,51.0049,0.9781437125748503,0.8667664670658682,0.8895209580838324
125.9744,51.7513,0.7889221556886228,0.49191616766467067,0.524251497005988
123.5523,52.4395,0.859880239520958,0.5658682634730539,0.5775449101796407
121.0375,53.0653,0.6949101796407186,0.47305389221556887,0.48413173652694613
118.4349,53.6241,0.6997005988023952,0.5119760479041916,0.537125748502994
115.7512,54.112,0.8709580838323353,0.7455089820359282,0.7715568862275449
112.9946,54.525,0.95,0.9017964071856287,0.9149700598802395
110.1755,54.8599,0.988622754491018,0.9547904191616766,0.9589820359281437
107.3058,55.1136,0.9955089820359282,0.9772455089820359,0.9778443113772455
104.3987,55.2841,0.9958083832335329,0.979940119760479,0.9754491017964072
101.4688,55.3697,1.0,0.9994011976047904,0.9994011976047904
98.5312,55.3697,0.9934131736526947,0.9934131736526947,0.9931137724550898
95.6013,55.2841,0.9398203592814371,0.9526946107784431,0.9553892215568862
92.6942,55.1136,0.9452095808383234,0.9467065868263473,0.9511976047904191
89.8245,54.8599,0.9446107784431138,0.9446107784431138,0.9550898203592815
87.0054,54.525,0.9703592814371258,0.9664670658682635,0.9691616766467066
84.2488,54.112,0.9763473053892215,0.9703592814371258,0.9643712574850299
81.5651,53.6241,0.9787425149700599,0.9601796407185629,0.9568862275449102
78.9625,53.0653,0.9586826347305389,0.9026946107784432,0.9020958083832336
76.4477,52.4395,0.870059880239521,0.7844311377245509,0.7721556886227545
74.0256,51.7513,0.8149700598802395,0.7311377245508982,0.7131736526946107
71.6992,51.0049,0.9242514970059881,0.8676646706586826,0.8434131736526946
69.4703,50.2051,0.8736526946107784,0.7038922155688623,0.6997005988023952
67.3391,49.3561,0.8101796407185629,0.5589820359281437,0.5511976047904191
65.3048,48.4625,0.9194610778443114,0.7988023952095809,0.7748502994011977
63.3659,47.5284,0.6598802395209581,0.5802395209580838,0.5290419161676647
61.5198,46.558,0.4350299401197605,0.42065868263473055,0.3901197604790419
59.7636,45.5551,0.4227544910179641,0.4491017964071856,0.4404191616766467
58.0941,44.5234,0.5476047904191617,0.6164670658682635,0.6032934131736527
56.5074,43.4664,0.4035928143712575,0.44550898203592815,0.45209580838323354
55.0,42.3874,0.7131736526946107,0.637125748502994,0.620059880239521
47.4054,35.6045,0.592814371257485,0.7338323353293413,0.7254491017964072
46.3475,34.4444,0.8107784431137725,0.8991017964071857,0.8994011976047904
136.1193,49.7776,0.7544910179640718,0.677245508982036,0.6877245508982036
131.866,51.6005,0.994311377245509,0.9802395209580839,0.9823353293413174
129.5778,52.4395,0.9913173652694611,0.9455089820359281,0.9640718562874252
127.1811,53.2238,0.9922155688622755,0.8988023952095808,0.911377245508982
124.6769,53.9484,0.9338323353293413,0.7721556886227545,0.7916167664670659
122.0679,54.6084,0.8781437125748504,0.6751497005988024,0.6877245508982036
119.359,55.1987,0.921556886227545,0.8251497005988024,0.8410179640718562
116.5571,55.7149,0.9023952095808383,0.9104790419161677,0.9167664670658683
113.6713,56.1525,0.9970059880239521,0.9778443113772455,0.9793413173652694
110.7131,56.5077,0.9895209580838323,0.9700598802395209,0.9667664670658682
107.6961,56.7771,0.9988023952095808,0.994311377245509,0.9952095808383233
104.6355,56.9582,0.9982035928143712,0.9916167664670659,0.9928143712574851
101.5482,57.0492,0.9706586826347305,0.9568862275449102,0.9622754491017964
98.4518,57.0492,1.0,0.9994011976047904,0.9997005988023953
95.3645,56.9582,0.9859281437125749,0.982934131736527,0.9910179640718563
92.3039,56.7771,0.9820359281437125,0.9841317365269461,0.9853293413173653
89.2869,56.5077,0.979940119760479,0.982934131736527,0.9823353293413174
86.3287,56.1525,0.98562874251497,0.9820359281437125,0.9859281437125749
83.4429,55.7149,0.9895209580838323,0.9892215568862276,0.9898203592814371
80.641,55.1987,0.9925149700598802,0.9922155688622755,0.9835329341317365
77.9321,54.6084,0.9895209580838323,0.9775449101796407,0.9694610778443113
75.3231,53.9484,0.9727544910179641,0.9416167664670658,0.9458083832335329
72.8189,53.2238,0.9416167664670658,0.8748502994011976,0.8637724550898204
70.4222,52.4395,0.9562874251497006,0.8928143712574851,0.8832335329341318
68.134,51.6005,0.9377245508982036,0.8835329341317365,0.8829341317365269
65.9541,50.7116,0.8395209580838323,0.7296407185628743,0.7146706586826347
63.8807,49.7776,0.7904191616766467,0.6191616766467066,0.588622754491018
61.9112,48.8031,0.831437125748503,0.6218562874251496,0.6059880239520958
60.0425,47.7924,0.7688622754491018,0.6949101796407186,0.6781437125748503
58.2705,46.7497,0.6317365269461078,0.6050898203592814,0.5769461077844311
56.5911,45.6787,0.6763473053892216,0.624251497005988,0.5907185628742515
55.0,44.5832,0.28473053892215566,0.2895209580838323,0.24580838323353293
53.4926,43.4664,0.424251497005988,0.4062874251497006,0.4089820359281437
47.0565,37.6652,0.5751497005988024,0.7038922155688623,0.7197604790419162
45.9605,36.4786,0.5910179640718562,0.670059880239521,0.6604790419161677
44.9194,35.2881,1.0,1.0,1.0
139.6442,50.0619,0.6895209580838323,0.4805389221556886,0.5008982035928143
137.6476,51.0787,0.9778443113772455,0.9580838323353293,0.9634730538922156
135.5377,52.0552,0.9736526946107784,0.9670658682634731,0.9703592814371258
130.9638,53.867,0.9994011976047904,0.9916167664670659,0.9964071856287425
128.4956,54.6919,0.9538922155688623,0.9101796407185628,0.9260479041916168
125.9065,55.4556,0.9245508982035928,0.9269461077844311,0.9218562874251497
123.1986,56.1525,0.994311377245509,0.9709580838323353,0.9736526946107784
120.3764,56.7771,0.9940119760479041,0.9871257485029941,0.9862275449101796
117.4472,57.3241,0.9955089820359282,0.9871257485029941,0.9880239520958084
114.4208,57.7887,0.9985029940119761,0.9895209580838323,0.9910179640718563
111.3099,58.1662,0.9676646706586827,0.9691616766467066,0.9733532934131737
108.1301,58.453,0.9997005988023953,0.9988023952095808,0.9979041916167665
104.8991,58.6459,0.9997005988023953,0.9997005988023953,0.9994011976047904
101.6366,58.7429,0.9988023952095808,0.9994011976047904,0.9994011976047904
98.3634,58.7429,0.9868263473053892,0.9832335329341317,0.988622754491018
95.1009,58.6459,0.9883233532934131,0.9931137724550898,0.9928143712574851
91.8699,58.453,0.9880239520958084,0.9928143712574851,0.9913173652694611
88.6901,58.1662,0.9877245508982035,0.9931137724550898,0.9922155688622755
85.5792,57.7887,0.9916167664670659,0.9940119760479041,0.9931137724550898
82.5528,57.3241,0.9973053892215569,0.9970059880239521,0.9949101796407186
79.6236,56.7771,0.9982035928143712,0.9979041916167665,0.9955089820359282
76.8014,56.1525,0.9982035928143712,0.9946107784431137,0.9955089820359282
74.0935,55.4556,0.9949101796407186,0.9844311377245509,0.9802395209580839
71.5044,54.6919,0.982934131736527,0.9661676646706587,0.9661676646706587
69.0362,53.867,0.9146706586826348,0.8988023952095808,0.9083832335329342
66.6894,52.9863,0.9610778443113772,0.9086826347305389,0.9065868263473054
64.4623,52.0552,0.9377245508982036,0.8257485029940119,0.8134730538922156
62.3524,51.0787,0.887125748502994,0.7287425149700599,0.7266467065868264
60.3558,50.0619,0.8532934131736527,0.7622754491017965,0.7266467065868264
58.4682,49.0093,0.608682634730539,0.4035928143712575,0.38592814371257483
56.6847,47.9253,0.637125748502994,0.561377245508982,0.5473053892215569
55.0,46.8138,0.5529940119760479,0.6,0.5826347305389221
53.4089,45.6787,0.15868263473053892,0.25419161676646707,0.25419161676646707
51.9059,44.5234,0.34191616766467064,0.5026946107784431,0.51437125748503
45.5377,38.5467,0.861377245508982,0.9068862275449102,0.9203592814371258
44.4608,37.3286,0.5140718562874251,0.6011976047904192,0.5850299401197605
143.2101,50.2051,0.8473053892215568,0.6296407185628743,0.6347305389221557
141.3086,51.3012,0.9994011976047904,0.9952095808383233,0.9940119760479041
139.2894,52.3622,0.8125748502994012,0.6859281437125748,0.6961077844311377
137.1467,53.3833,0.9937125748502994,0.9808383233532935,0.9808383233532935
134.8753,54.3591,0.9997005988023953,0.9970059880239521,0.9946107784431137
129.9315,56.1525,0.9973053892215569,0.9892215568862276,0.9874251497005988
127.2553,56.9582,0.9991017964071857,0.9934131736526947,0.9946107784431137
124.444,57.6951,0.9997005988023953,0.9916167664670659,0.9946107784431137
121.5014,58.3571,0.9988023952095808,0.9895209580838323,0.9946107784431137
115.2551,59.4322,0.9817365269461078,0.9874251497005988,0.9868263473053892
111.9761,59.8345,1.0,0.9988023952095808,1.0
108.6156,60.1404,1.0,1.0,0.9997005988023953
105.1944,60.3464,0.9970059880239521,0.9919161676646706,0.994311377245509
101.7357,60.4501,0.9973053892215569,0.9961077844311377,0.9976047904191617
98.2643,60.4501,0.9985029940119761,0.9982035928143712,0.9979041916167665
94.8056,60.3464,0.9958083832335329,0.9970059880239521,0.9970059880239521
91.3844,60.1404,0.9922155688622755,0.9964071856287425,0.9949101796407186
88.0239,59.8345,0.9961077844311377,0.9982035928143712,0.9952095808383233
84.7449,59.4322,0.9988023952095808,0.9982035928143712,0.9979041916167665
81.5651,58.938,0.9940119760479041,0.9970059880239521,0.9964071856287425
78.4986,58.3571,0.9946107784431137,0.9958083832335329,0.9958083832335329
75.556,57.6951,0.9979041916167665,0.9967065868263473,0.9949101796407186
72.7447,56.9582,0.9910179640718563,0.9922155688622755,0.9931137724550898
70.0685,56.1525,0.9880239520958084,0.9862275449101796,0.9811377245508982
67.5288,55.2841,0.9715568862275449,0.9622754491017964,0.9649700598802395
65.1247,54.3591,0.9550898203592815,0.9365269461077844,0.9383233532934132
62.8533,53.3833,0.9553892215568862,0.8925149700598802,0.8952095808383234
60.7106,52.3622,0.9344311377245509,0.8335329341317366,0.8200598802395209
58.6914,51.3012,0.8023952095808383,0.6697604790419162,0.6694610778443114
56.7899,50.2051,0.8458083832335329,0.6850299401197605,0.6667664670658683
55.0,49.0784,0.755688622754491,0.732934131736527,0.7197604790419162
53.3153,47.9253,0.3413173652694611,0.41916167664670656,0.3781437125748503
47.5041,43.1217,0.7488023952095808,0.8760479041916168,0.8706586826347306
46.2538,41.8886,0.9871257485029941,0.9865269461077845,0.98562874251497
45.0738,40.6478,0.42065868263473055,0.6991017964071856,0.6730538922155689
43.9591,39.4016,0.20748502994011975,0.39580838323353296,0.3467065868263473
41.9081,36.9009,0.7856287425149701,0.8862275449101796,0.874251497005988
143.0908,52.517,0.7461077844311377,0.38263473053892216,0.42544910179640716
136.573,55.7149,0.9988023952095808,0.9970059880239521,0.9982035928143712
134.1145,56.687,0.9964071856287425,0.9796407185628743,0.9883233532934131
131.5043,57.6019,0.9976047904191617,0.9871257485029941,0.9925149700598802
128.7398,58.453,0.9892215568862276,0.9892215568862276,0.9901197604790419
125.821,59.2333,0.9850299401197605,0.9868263473053892,0.9877245508982035
122.751,59.936,0.9958083832335329,0.9910179640718563,0.9922155688622755
119.5367,60.5542,0.9868263473053892,0.9874251497005988,0.9925149700598802
116.1892,61.0812,0.9883233532934131,0.9916167664670659,0.9922155688622755
112.7244,61.511,0.9985029940119761,0.9946107784431137,0.9970059880239521
109.1623,61.8384,0.9988023952095808,0.9958083832335329,0.9979041916167665
105.5275,62.0591,0.9976047904191617,0.9979041916167665,0.9976047904191617
101.8476,62.1703,0.9997005988023953,0.9991017964071857,0.9988023952095808
98.1524,62.1703,0.9970059880239521,0.9985029940119761,0.9994011976047904
94.4725,62.0591,0.9964071856287425,0.9997005988023953,0.9988023952095808
90.8377,61.8384,0.9964071856287425,0.9973053892215569,0.9985029940119761
87.2756,61.511,0.9976047904191617,0.9979041916167665,0.9973053892215569
83.8108,61.0812,0.9952095808383233,0.9976047904191617,0.9985029940119761
80.4633,60.5542,0.9958083832335329,0.9967065868263473,0.9979041916167665
77.249,59.936,0.9925149700598802,0.9949101796407186,0.9982035928143712
74.179,59.2333,0.9979041916167665,0.9949101796407186,0.9967065868263473
71.2602,58.453,0.9922155688622755,0.9931137724550898,0.994311377245509
68.4957,57.6019,0.9871257485029941,0.9847305389221557,0.9859281437125749
65.8855,56.687,0.9892215568862276,0.9769461077844311,0.9748502994011976
63.427,55.7149,0.9730538922155688,0.9491017964071856,0.9520958083832335
61.1155,54.6919,0.9479041916167664,0.915868263473054,0.9236526946107785
58.9452,53.6241,0.8775449101796408,0.8652694610778443,0.844311377245509
56.9092,52.517,0.9745508982035929,0.9595808383233533,0.9476047904191617
55.0,51.3757,0.6014970059880239,0.40449101796407183,0.40808383233532936
53.2101,50.2051,0.7230538922155688,0.5419161676646707,0.5395209580838324
51.5318,49.0093,0.5479041916167665,0.6230538922155688,0.6104790419161676
49.9575,47.7924,0.30538922155688625,0.2820359281437126,0.28023952095808385
48.4802,46.558,0.688622754491018,0.6895209580838323,0.6799401197604791
47.0928,45.3093,0.7044910179640719,0.8080838323353293,0.8035928143712575
45.789,44.0493,0.6434131736526946,0.7473053892215569,0.7517964071856288
44.5625,42.7807,0.25838323353293413,0.32365269461077845,0.26137724550898206
43.4078,41.5059,0.35508982035928144,0.6236526946107784,0.5991017964071856
42.3196,40.2271,0.6691616766467066,0.6395209580838324,0.5946107784431137
41.293,38.9462,0.6221556886227545,0.5565868263473054,0.5341317365269461
40.3236,37.6652,0.3721556886227545,0.5443113772455089,0.5254491017964071
138.4181,57.0492,0.9901197604790419,0.9733532934131737,0.9808383233532935
135.9097,58.0713,0.9976047904191617,0.9877245508982035,0.9901197604790419
133.2317,59.0361,0.9931137724550898,0.9847305389221557,0.9892215568862276
130.3791,59.936,0.9901197604790419,0.9850299401197605,0.988622754491018
127.3499,60.7636,0.9892215568862276,0.9862275449101796,0.9916167664670659
124.1455,61.511,0.9988023952095808,0.9934131736526947,0.9946107784431137
120.7723,62.1703,0.9904191616766467,0.9940119760479041,0.9964071856287425
117.2415,62.7337,0.9964071856287425,0.9955089820359282,0.9991017964071857
113.5704,63.1944,1.0,0.9985029940119761,0.9985029940119761
109.7824,63.5459,0.9997005988023953,1.0,0.9979041916167665
105.9061,63.7832,1.0,0.9997005988023953,0.9997005988023953
101.9749,63.9027,0.9994011976047904,1.0,1.0
98.0251,63.9027,1.0,0.9997005988023953,0.9991017964071857
94.0939,63.7832,0.9982035928143712,0.9994011976047904,0.9997005988023953
90.2176,63.5459,0.9985029940119761,0.9994011976047904,0.9997005988023953
86.4296,63.1944,0.9985029940119761,0.9991017964071857,0.9970059880239521
82.7585,62.7337,0.9979041916167665,0.9988023952095808,0.9991017964071857
79.2277,62.1703,0.9982035928143712,0.9994011976047904,0.9988023952095808
75.8545,61.511,0.9976047904191617,0.9988023952095808,0.9973053892215569
72.6501,60.7636,0.9898203592814371,0.9955089820359282,0.9955089820359282
69.6209,59.936,0.9913173652694611,0.9952095808383233,0.9925149700598802
66.7683,59.0361,0.9796407185628743,0.9895209580838323,0.9844311377245509
64.0903,58.0713,0.9586826347305389,0.9730538922155688,0.9706586826347305
61.5819,57.0492,0.95,0.9520958083832335,0.9523952095808383
59.2364,55.9766,0.9491017964071856,0.9502994011976048,0.9413173652694611
57.0454,54.8599,0.8688622754491018,0.9062874251497006,0.8973053892215569
55.0,53.7049,0.9733532934131737,0.8802395209580839,0.8679640718562874
53.0908,52.517,0.7359281437125749,0.577245508982036,0.5679640718562874
51.3086,51.3012,0.6119760479041916,0.4296407185628742,0.4029940119760479
49.6442,50.0619,0.8574850299401198,0.8149700598802395,0.7988023952095809
48.0888,48.8031,0.7005988023952096,0.6964071856287425,0.7056886227544911
46.6341,47.5284,0.7544910179640718,0.8544910179640719,0.8488023952095808
45.2724,46.2411,0.6598802395209581,0.640119760479042,0.6383233532934132
43.9965,44.9442,0.7835329341317365,0.8236526946107784,0.8281437125748503
42.7995,43.6402,0.11107784431137725,0.3467065868263473,0.307185628742515
39.6237,39.7087,0.8353293413173652,0.8143712574850299,0.8032934131736527
38.6861,38.3982,0.5811377245508982,0.7230538922155688,0.7425149700598802
37.8015,37.0903,0.8086826347305389,0.9137724550898204,0.918562874251497
140.4261,58.3571,0.9931137724550898,0.9871257485029941,0.9889221556886227
137.875,59.4322,0.9982035928143712,0.9946107784431137,0.994311377245509
135.1342,60.4501,0.9967065868263473,0.9892215568862276,0.9892215568862276
132.1957,61.4029,0.9907185628742515,0.9850299401197605,0.9859281437125749
129.0546,62.2819,0.9958083832335329,0.9934131736526947,0.994311377245509
125.71,63.0784,0.9988023952095808,0.9988023952095808,0.9976047904191617
122.1663,63.7832,1.0,0.9994011976047904,0.9982035928143712
118.4349,64.3874,0.9994011976047904,0.9994011976047904,0.9997005988023953
114.5345,64.8827,0.9997005988023953,0.9985029940119761,0.9997005988023953
110.4915,65.2615,0.9997005988023953,0.9985029940119761,0.9994011976047904
106.3402,65.5176,1.0,0.9994011976047904,1.0
102.1211,65.6469,1.0,0.9991017964071857,1.0
97.8789,65.6469,1.0,0.9997005988023953,0.9997005988023953
93.6598,65.5176,1.0,0.9997005988023953,1.0
89.5085,65.2615,1.0,1.0,0.9997005988023953
85.4655,64.8827,0.9979041916167665,0.9985029940119761,0.9991017964071857
81.5651,64.3874,0.9976047904191617,0.9982035928143712,0.9985029940119761
77.8337,63.7832,0.9973053892215569,0.9997005988023953,0.9985029940119761
74.29,63.0784,0.9973053892215569,0.9973053892215569,0.9985029940119761
70.9454,62.2819,0.9841317365269461,0.9967065868263473,0.994311377245509
67.8043,61.4029,0.988622754491018,0.9949101796407186,0.9940119760479041
64.8658,60.4501,0.9790419161676647,0.9871257485029941,0.988622754491018
62.125,59.4322,0.9745508982035929,0.9793413173652694,0.9718562874251497
59.5739,58.3571,0.9580838323353293,0.9739520958083833,0.9733532934131737
57.2026,57.2322,0.9991017964071857,0.9988023952095808,0.9988023952095808
55.0,56.0644,0.9508982035928144,0.9239520958083832,0.9332335329341317
52.9546,54.8599,0.9251497005988024,0.8919161676646706,0.8940119760479042
51.0548,53.6241,0.8811377245508982,0.7308383233532935,0.7254491017964072
49.2894,52.3622,0.670059880239521,0.4149700598802395,0.39520958083832336
47.6476,51.0787,0.2467065868263473,0.17155688622754492,0.1658682634730539
46.1193,49.7776,0.6062874251497006,0.5652694610778443,0.567065868263473
44.6952,48.4625,0.6296407185628743,0.7419161676646706,0.7508982035928143
43.3664,47.1366,0.7619760479041916,0.8050898203592814,0.8059880239520958
42.125,45.8028,0.8739520958083832,0.9059880239520958,0.8937125748502994
40.9638,44.4638,0.5724550898203593,0.7404191616766467,0.7323353293413174
36.9958,39.0973,0.2712574850299401,0.3062874251497006,0.30359281437125746
36.1468,37.762,0.04461077844311377,0.21347305389221558,0.18832335329341318
142.6141,59.6325,0.9967065868263473,0.9937125748502994,0.9949101796407186
140.0303,60.7636,0.9994011976047904,0.9982035928143712,0.9976047904191617
137.2348,61.8384,0.9970059880239521,0.9979041916167665,0.9973053892215569
134.2157,62.8481,0.9892215568862276,0.9931137724550898,0.9913173652694611
130.9638,63.7832,0.9976047904191617,0.9970059880239521,0.9964071856287425
127.4744,64.6337,0.9997005988023953,0.9997005988023953,0.9994011976047904
123.7495,65.3892,1.0,0.9997005988023953,1.0
119.7989,66.0392,1.0,0.9997005988023953,1.0
115.6422,66.5738,0.9994011976047904,1.0,0.9997005988023953
111.3099,66.9837,1.0,1.0,1.0
106.8428,67.2616,1.0,0.9997005988023953,0.9997005988023953
102.2906,67.4019,0.9997005988023953,0.9994011976047904,1.0
97.7094,67.4019,0.9997005988023953,0.9997005988023953,0.9994011976047904
93.1572,67.2616,1.0,1.0,0.9997005988023953
88.6901,66.9837,0.9997005988023953,0.9994011976047904,0.9997005988023953
76.2505,65.3892,0.9997005988023953,0.9985029940119761,0.9985029940119761
72.5256,64.6337,0.9961077844311377,0.9985029940119761,0.9979041916167665
69.0362,63.7832,0.9907185628742515,0.9970059880239521,0.9976047904191617
65.7843,62.8481,0.9904191616766467,0.9934131736526947,0.9913173652694611
62.7652,61.8384,0.98562874251497,0.9871257485029941,0.9832335329341317
59.9697,60.7636,0.9832335329341317,0.9895209580838323,0.9880239520958084
57.3859,59.6325,0.9949101796407186,0.9865269461077845,0.9853293413173653
55.0,58.453,0.9796407185628743,0.9715568862275449,0.9760479041916168
52.7974,57.2322,0.9637724550898203,0.9434131736526946,0.9353293413173652
50.7636,55.9766,0.9278443113772455,0.8784431137724551,0.887125748502994
48.8845,54.6919,0.7910179640718563,0.729940119760479,0.7254491017964072
47.1467,53.3833,0.7155688622754491,0.5236526946107785,0.5122754491017965
45.5377,52.0552,0.7898203592814371,0.5520958083832336,0.5164670658682635
44.0459,50.7116,0.4601796407185629,0.3332335329341317,0.3122754491017964
42.6609,49.3561,0.8931137724550898,0.8356287425149701,0.8263473053892215
41.373,47.9919,0.8449101796407186,0.8820359281437126,0.8919161676646706
40.1735,46.6218,0.7305389221556886,0.7583832335329341,0.7434131736526947
39.0546,45.2482,0.29251497005988025,0.5062874251497006,0.5071856287425149
36.1139,41.1277,0.598502994011976,0.6092814371257484,0.6203592814371257
35.2532,39.7602,0.36676646706586824,0.3532934131736527,0.36856287425149703
34.444,38.3982,0.18562874251497005,0.14940119760479043,0.14580838323353293
33.6821,37.0429,0.22904191616766467,0.4661676646706587,0.4655688622754491
147.3859,59.6325,0.9787425149700599,0.9688622754491018,0.9700598802395209
145.0,60.869,0.9994011976047904,0.9970059880239521,0.9979041916167665
142.3974,62.0591,1.0,0.9991017964071857,0.9985029940119761
139.5597,63.1944,1.0,0.9985029940119761,0.9991017964071857
136.4692,64.2653,0.9997005988023953,0.9994011976047904,0.9994011976047904
133.1113,65.2615,0.9997005988023953,0.9997005988023953,0.9997005988023953
129.4759,66.1716,0.9997005988023953,0.9997005988023953,0.9997005988023953
125.56,66.9837,1.0,0.9997005988023953,0.9997005988023953
121.3706,67.6855,1.0,0.9994011976047904,1.0
116.9275,68.2649,1.0,0.9997005988023953,1.0
112.2648,68.7108,1.0,0.9997005988023953,1.0
107.4314,69.0139,0.9991017964071857,1.0,1.0
102.4896,69.1672,1.0,1.0,1.0
97.5104,69.1672,1.0,1.0,1.0
92.5686,69.0139,1.0,1.0,1.0
87.7352,68.7108,1.0,0.9997005988023953,1.0
83.0725,68.2649,1.0,0.9991017964071857,1.0
74.44,66.9837,0.9985029940119761,0.9997005988023953,0.9970059880239521
70.5241,66.1716,0.9979041916167665,0.9967065868263473,0.9967065868263473
66.8887,65.2615,0.9937125748502994,0.9955089820359282,0.9958083832335329
63.5308,64.2653,0.9760479041916168,0.9907185628742515,0.988622754491018
60.4403,63.1944,0.9667664670658682,0.9871257485029941,0.9877245508982035
57.6026,62.0591,0.9907185628742515,0.9916167664670659,0.9889221556886227
55.0,60.869,0.9745508982035929,0.982934131736527,0.9796407185628743
52.6141,59.6325,0.9739520958083833,0.9709580838323353,0.9760479041916168
50.4261,58.3571,0.9508982035928144,0.9416167664670658,0.938622754491018
48.4181,57.0492,0.9050898203592814,0.8676646706586826,0.8502994011976048
46.573,55.7149,0.8212574850299401,0.7347305389221557,0.7290419161676647
44.8753,54.3591,0.7428143712574851,0.5574850299401197,0.5362275449101797
43.3106,52.9863,0.582934131736527,0.3437125748502994,0.3284431137724551
41.866,51.6005,0.6751497005988024,0.5359281437125748,0.5230538922155689
40.5297,50.2051,0.6541916167664671,0.5853293413173652,0.5820359281437125
39.2914,48.8031,0.8203592814371258,0.8116766467065868,0.805688622754491
38.1416,47.3973,0.49161676646706587,0.6877245508982036,0.6568862275449102
34.2744,41.7788,0.1029940119760479,0.2338323353293413,0.21377245508982035
33.459,40.3842,0.4568862275449102,0.46437125748502994,0.4553892215568862
32.6938,38.9965,0.49670658682634733,0.43203592814371256,0.40688622754491016
31.9745,37.6169,0.5913173652694611,0.6844311377245509,0.6655688622754491
152.125,59.4322,0.9976047904191617,0.9826347305389221,0.9841317365269461
149.9697,60.7636,0.9982035928143712,0.9970059880239521,0.9958083832335329
147.6026,62.0591,0.9994011976047904,0.9985029940119761,0.9970059880239521
145.0,63.3109,0.9997005988023953,0.9997005988023953,0.9997005988023953
142.1376,64.5102,1.0,0.9991017964071857,0.9997005988023953
138.991,65.6469,1.0,0.9991017964071857,0.9994011976047904
135.5377,66.7095,0.9973053892215569,0.9997005988023953,1.0
131.7595,67.6855,0.9994011976047904,1.0,1.0
127.646,68.5611,1.0,0.9997005988023953,0.9997005988023953
123.1986,69.3217,1.0,1.0,1.0
118.4349,69.9528,0.9997005988023953,0.9988023952095808,0.9997005988023953
113.3925,70.4406,0.9991017964071857,1.0,1.0
108.1301,70.7731,1.0,1.0,0.9997005988023953
102.7263,70.9418,1.0,1.0,1.0
91.8699,70.7731,1.0,0.9997005988023953,1.0
86.6075,70.4406,1.0,1.0,0.9994011976047904
81.5651,69.9528,1.0,0.9988023952095808,1.0
76.8014,69.3217,1.0,0.9967065868263473,0.9985029940119761
72.354,68.5611,0.9985029940119761,0.9973053892215569,0.9994011976047904
68.2405,67.6855,0.9997005988023953,0.9988023952095808,0.9976047904191617
64.4623,66.7095,0.9988023952095808,0.9958083832335329,0.9985029940119761
61.009,65.6469,0.9922155688622755,0.9958083832335329,0.9961077844311377
57.8624,64.5102,0.9709580838323353,0.988622754491018,0.9877245508982035
55.0,63.3109,0.9844311377245509,0.9853293413173653,0.9859281437125749
52.3974,62.0591,0.9748502994011976,0.9778443113772455,0.9796407185628743
50.0303,60.7636,0.9715568862275449,0.9712574850299401,0.9661676646706587
47.875,59.4322,0.9520958083832335,0.9356287425149701,0.944311377245509
45.9097,58.0713,0.8751497005988024,0.8398203592814372,0.8497005988023952
44.1145,56.687,0.7910179640718563,0.6892215568862275,0.7197604790419162
42.4712,55.2841,0.6173652694610778,0.4595808383233533,0.4781437125748503
40.9638,53.867,0.6865269461077844,0.5320359281437126,0.5092814371257485
39.5778,52.4395,0.8365269461077844,0.6281437125748504,0.6266467065868263
38.3008,51.0049,0.9811377245508982,0.9311377245508982,0.9230538922155689
37.1213,49.5661,0.7176646706586827,0.7101796407185629,0.7026946107784431
36.0296,48.1256,0.5616766467065868,0.5811377245508982,0.5625748502994012
35.0169,46.6857,0.48622754491017967,0.7718562874251497,0.7832335329341318
34.0755,45.2482,0.07335329341317365,0.2868263473053892,0.268562874251497
31.6148,40.9669,0.25299401197604793,0.40119760479041916,0.36976047904191617
30.8978,39.5548,0.46377245508982035,0.4230538922155689,0.43203592814371256
30.2249,38.152,0.2997005988023952,0.2562874251497006,0.23263473053892217
29.5923,36.7595,0.3194610778443114,0.45239520958083834,0.4625748502994012
154.8658,60.4501,0.9844311377245509,0.9862275449101796,0.9832335329341317
152.7652,61.8384,0.9997005988023953,0.9961077844311377,0.9976047904191617
150.4403,63.1944,0.9994011976047904,0.9964071856287425,0.9973053892215569
147.8624,64.5102,1.0,0.9988023952095808,0.9988023952095808
145.0,65.7769,1.0,0.9997005988023953,0.9997005988023953
141.8202,66.9837,1.0,0.9997005988023953,1.0
138.2902,68.1185,1.0,1.0,0.9997005988023953
134.3803,69.1672,1.0,0.9997005988023953,1.0
130.0686,70.1139,0.9997005988023953,1.0,0.9997005988023953
125.3462,70.9418,1.0,1.0,1.0
120.2249,71.6329,1.0,1.0,1.0
114.7436,72.17,0.9997005988023953,1.0,1.0
108.9726,72.5379,0.9997005988023953,1.0,1.0
103.0128,72.7249,1.0,0.9997005988023953,0.9997005988023953
96.9872,72.7249,1.0,1.0,1.0
91.0274,72.5379,1.0,1.0,1.0
74.6538,70.9418,1.0,0.9961077844311377,0.9970059880239521
69.9314,70.1139,1.0,0.9955089820359282,0.9979041916167665
61.7098,68.1185,1.0,0.9985029940119761,0.9979041916167665
58.1798,66.9837,0.9973053892215569,0.9928143712574851,0.9934131736526947
55.0,65.7769,0.9676646706586827,0.98562874251497,0.98562874251497
52.1376,64.5102,0.9607784431137725,0.9850299401197605,0.9823353293413174
49.5597,63.1944,0.9769461077844311,0.9790419161676647,0.9754491017964072
47.2348,61.8384,0.9778443113772455,0.9739520958083833,0.975748502994012
45.1342,60.4501,0.9622754491017964,0.9347305389221557,0.9287425149700599
43.2317,59.0361,0.8278443113772455,0.8125748502994012,0.8239520958083832
41.5043,57.6019,0.7395209580838323,0.7122754491017964,0.7035928143712575
39.9315,56.1525,0.9278443113772455,0.811377245508982,0.8362275449101796
38.4956,54.6919,0.9023952095808383,0.7407185628742515,0.7479041916167665
37.1811,53.2238,0.8179640718562874,0.6494011976047904,0.6505988023952096
35.9744,51.7513,0.9820359281437125,0.9389221556886228,0.9511976047904191
34.8637,50.2769,0.620059880239521,0.598502994011976,0.568562874251497
33.8387,48.8031,0.3688622754491018,0.4380239520958084,0.4230538922155689
32.8906,47.3319,0.567065868263473,0.7808383233532934,0.7610778443113773
29.0577,40.0707,0.09820359281437126,0.26497005988023953,0.26766467065868266
28.4349,38.6462,0.1718562874251497,0.205688622754491,0.2089820359281437
155.7843,62.8481,0.9997005988023953,0.9979041916167665,0.9985029940119761
153.5308,64.2653,0.9991017964071857,0.9982035928143712,0.9991017964071857
151.009,65.6469,0.9985029940119761,0.9994011976047904,0.9997005988023953
148.1798,66.9837,1.0,0.9997005988023953,0.9988023952095808
145.0,68.2649,1.0,0.9988023952095808,1.0
141.4237,69.4775,1.0,0.9994011976047904,0.9997005988023953
137.4054,70.6061,1.0,1.0,0.9997005988023953
127.8973,72.5379,0.9997005988023953,0.9997005988023953,0.9997005988023953
122.3801,73.2994,0.9997005988023953,1.0,0.9997005988023953
103.3665,74.5157,1.0,1.0,1.0
96.6335,74.5157,1.0,0.9997005988023953,0.9994011976047904
89.992,74.3061,1.0,1.0,0.9997005988023953
55.0,68.2649,0.9850299401197605,0.9853293413173653,0.9859281437125749
51.8202,66.9837,0.9931137724550898,0.9934131736526947,0.9934131736526947
48.991,65.6469,0.9826347305389221,0.9859281437125749,0.9841317365269461
46.4692,64.2653,0.9589820359281437,0.9688622754491018,0.9640718562874252
44.2157,62.8481,0.9589820359281437,0.9562874251497006,0.948502994011976
42.1957,61.4029,0.9449101796407186,0.9299401197604791,0.9176646706586826
40.3791,59.936,0.8667664670658682,0.831437125748503,0.8167664670658683
38.7398,58.453,0.787125748502994,0.657185628742515,0.6541916167664671
37.2553,56.9582,0.9970059880239521,0.9844311377245509,0.9808383233532935
35.9065,55.4556,0.9775449101796407,0.8970059880239521,0.8997005988023952
34.6769,53.9484,0.7167664670658682,0.5973053892215568,0.579940119760479
33.5523,52.4395,0.7170658682634731,0.5520958083832336,0.5218562874251497
32.5206,50.9313,0.5497005988023952,0.5077844311377245,0.4877245508982036
31.5713,49.426,0.48293413173652694,0.5520958083832336,0.5326347305389222
30.6955,47.9253,0.5760479041916168,0.6604790419161677,0.6607784431137724
29.8852,46.4309,0.5916167664670658,0.7892215568862275,0.7991017964071856
29.1336,44.9442,0.6407185628742516,0.7562874251497006,0.7374251497005988
27.1759,40.5421,0.23682634730538923,0.22365269461077844,0.20838323353293414
26.607,39.0973,0.3092814371257485,0.3904191616766467,0.4
162.6501,60.7636,0.9529940119760479,0.9565868263473054,0.9586826347305389
160.9454,62.2819,1.0,0.9958083832335329,0.9970059880239521
159.0362,63.7832,0.9997005988023953,0.9970059880239521,0.9985029940119761
156.8887,65.2615,0.9997005988023953,0.9985029940119761,0.9979041916167665
154.4623,66.7095,1.0,0.9991017964071857,0.9997005988023953
151.7098,68.1185,0.9997005988023953,0.9997005988023953,0.9991017964071857
148.5763,69.4775,0.9994011976047904,0.9991017964071857,0.9988023952095808
145.0,70.7731,1.0,0.9994011976047904,0.9997005988023953
140.9144,71.9891,1.0,0.9997005988023953,1.0
111.3099,76.0752,1.0,0.9994011976047904,1.0
103.8141,76.3131,0.9997005988023953,1.0,1.0
43.1113,65.2615,0.9260479041916168,0.9380239520958084,0.9341317365269461
40.9638,63.7832,0.937125748502994,0.9098802395209581,0.9005988023952096
39.0546,62.2819,0.8970059880239521,0.8607784431137725,0.862874251497006
37.3499,60.7636,0.8497005988023952,0.7853293413173653,0.7664670658682635
35.821,59.2333,0.9898203592814371,0.9556886227544911,0.95
34.444,57.6951,0.9892215568862276,0.9505988023952096,0.9401197604790419
33.1986,56.1525,0.974251497005988,0.9119760479041916,0.917065868263473
32.0679,54.6084,0.812874251497006,0.6898203592814371,0.6793413173652695
31.0375,53.0653,0.49041916167664673,0.3505988023952096,0.331437125748503
30.0952,51.5254,0.3209580838323353,0.27335329341317366,0.24520958083832337
29.2307,49.9906,0.37335329341317364,0.3976047904191617,0.37694610778443116
28.4349,48.4625,0.5865269461077844,0.6182634730538922,0.6047904191616766
27.7004,46.9425,0.8476047904191617,0.870059880239521,0.8634730538922155
27.0205,45.432,0.9089820359281438,0.9649700598802395,0.9517964071856287
26.3895,43.9319,0.9290419161676646,0.9209580838323354,0.9359281437125748
25.8025,42.4433,0.7224550898203593,0.7464071856287425,0.7413173652694611
165.8545,61.511,0.9949101796407186,0.9904191616766467,0.9868263473053892
164.29,63.0784,0.9967065868263473,0.994311377245509,0.9988023952095808
162.5256,64.6337,1.0,0.9994011976047904,0.9991017964071857
160.5241,66.1716,1.0,0.9997005988023953,0.9991017964071857
155.6197,69.1672,1.0,0.9997005988023953,0.9997005988023953
152.5946,70.6061,1.0,0.9997005988023953,1.0
149.0856,71.9891,1.0,0.9997005988023953,1.0
39.4759,66.1716,0.9682634730538923,0.9610778443113772,0.938622754491018
37.4744,64.6337,0.9649700598802395,0.9529940119760479,0.938622754491018
35.71,63.0784,0.9835329341317365,0.9416167664670658,0.9311377245508982
34.1455,61.511,0.9718562874251497,0.9002994011976048,0.8709580838323353
32.751,59.936,0.8523952095808384,0.681437125748503,0.6694610778443114
31.5014,58.3571,0.9035928143712575,0.7425149700598802,0.7380239520958084
30.3764,56.7771,0.8895209580838324,0.7727544910179641,0.7616766467065869
29.359,55.1987,0.6862275449101797,0.5787425149700599,0.5547904191616766
28.4349,53.6241,0.37035928143712576,0.3215568862275449,0.3062874251497006
27.5924,52.0552,0.5473053892215569,0.5730538922155689,0.5721556886227545
26.8214,50.4935,0.47604790419161674,0.5269461077844312,0.5215568862275449
26.1134,48.9404,0.7233532934131737,0.671556886227545,0.6787425149700599
25.4612,47.3973,0.7,0.7464071856287425,0.7353293413173653
24.8586,45.8651,0.23502994011976047,0.3134730538922156,0.31047904191616765
24.3003,44.3448,0.7065868263473054,0.8365269461077844,0.8212574850299401
23.7816,42.8373,0.7607784431137724,0.7709580838323353,0.7694610778443114
23.2986,41.3433,0.640119760479042,0.7739520958083832,0.7640718562874251
22.8477,39.8634,0.17664670658682635,0.15568862275449102,0.14790419161676646
170.4633,60.5542,0.9260479041916168,0.8862275449101796,0.874251497005988
169.2277,62.1703,0.9979041916167665,0.9880239520958084,0.9934131736526947
167.8337,63.7832,0.9973053892215569,0.9949101796407186,0.9919161676646706
166.2505,65.3892,1.0,0.9988023952095808,0.9985029940119761
164.44,66.9837,1.0,0.9991017964071857,0.9994011976047904
159.9314,70.1139,0.9997005988023953,1.0,1.0
37.646,68.5611,0.844311377245509,0.7592814371257485,0.7134730538922156
35.56,66.9837,0.9919161676646706,0.9835329341317365,0.9817365269461078
32.1663,63.7832,0.9751497005988023,0.8832335329341318,0.8580838323353294
30.7723,62.1703,0.7290419161676647,0.5263473053892216,0.48982035928143713
29.5367,60.5542,0.8979041916167665,0.7697604790419161,0.767065868263473
28.4349,58.938,0.8374251497005988,0.7607784431137724,0.7347305389221557
27.4472,57.3241,0.6434131736526946,0.5817365269461078,0.5733532934131736
26.5571,55.7149,0.5416167664670659,0.474251497005988,0.4682634730538922
25.7512,54.112,0.4092814371257485,0.33023952095808384,0.32275449101796405
25.0184,52.517,0.761377245508982,0.7044910179640719,0.7224550898203593
24.3493,50.9313,0.5661676646706587,0.5395209580838324,0.51437125748503
23.7363,49.3561,0.36946107784431137,0.3718562874251497,0.34341317365269464
23.1726,47.7924,0.65,0.8029940119760479,0.8032934131736527
22.6526,46.2411,0.25149700598802394,0.3089820359281437,0.3074850299401198
22.1715,44.7031,0.5763473053892215,0.5631736526946107,0.5601796407185629
21.7251,43.1789,0.6296407185628743,0.7026946107784431,0.712874251497006
21.3099,41.6694,0.61437125748503,0.6661676646706587,0.6320359281437126
172.7585,62.7337,0.9991017964071857,0.9964071856287425,0.9955089820359282
171.5651,64.3874,0.9997005988023953,0.994311377245509,0.9949101796407186
170.2011,66.0392,1.0,0.9979041916167665,0.9982035928143712
168.6294,67.6855,1.0,0.9985029940119761,0.9985029940119761
166.8014,69.3217,0.9988023952095808,0.9979041916167665,0.9985029940119761
33.1986,69.3217,0.9236526946107785,0.8482035928143713,0.8467065868263473
31.3706,67.6855,0.9988023952095808,0.9889221556886227,0.9871257485029941
29.7989,66.0392,0.9967065868263473,0.9697604790419162,0.9682634730538923
28.4349,64.3874,0.9934131736526947,0.9467065868263473,0.9311377245508982
27.2415,62.7337,0.7805389221556887,0.5302395209580838,0.49730538922155687
26.1892,61.0812,0.8302395209580838,0.6820359281437126,0.6461077844311377
25.2551,59.4322,0.7955089820359281,0.7529940119760479,0.7577844311377245
24.4208,57.7887,0.5380239520958083,0.6020958083832335,0.5913173652694611
23.6713,56.1525,0.7769461077844312,0.7401197604790419,0.7353293413173653
22.9946,54.525,0.6455089820359281,0.6598802395209581,0.6353293413173653
22.3808,52.9076,0.5940119760479042,0.6404191616766467,0.6125748502994012
21.8215,51.3012,0.5386227544910179,0.6059880239520958,0.5925149700598802
21.3099,49.707,0.40179640718562876,0.46497005988023954,0.44011976047904194
20.8403,48.1256,0.27694610778443113,0.36407185628742517,0.34940119760479044
20.4077,46.558,0.2931137724550898,0.2745508982035928,0.2820359281437126
20.008,45.0047,0.6739520958083832,0.657185628742515,0.6538922155688622
19.6375,43.4664,0.4817365269461078,0.51437125748503,0.49850299401197606
173.0725,68.2649,1.0,0.9997005988023953,0.9994011976047904
28.4349,69.9528,0.9811377245508982,0.8874251497005988,0.8676646706586826
26.9275,68.2649,0.9967065868263473,0.9802395209580839,0.9691616766467066
25.6422,66.5738,0.9919161676646706,0.9488023952095809,0.9383233532934132
23.5704,63.1944,0.9380239520958084,0.8005988023952095,0.7760479041916167
22.7244,61.511,0.9233532934131736,0.8508982035928143,0.8275449101796407
20.1755,54.8599,0.5362275449101797,0.655688622754491,0.6440119760479042
19.6888,53.2238,0.4847305389221557,0.5236526946107785,0.4946107784431138
19.2461,51.6005,0.4565868263473054,0.587125748502994,0.5856287425149701
18.8418,49.9906,0.4116766467065868,0.40089820359281436,0.38053892215568863
18.4711,48.3948,0.2218562874251497,0.21616766467065868,0.21946107784431138
18.1301,46.8138,0.4359281437125748,0.5290419161676647,0.5407185628742515
17.8153,45.2482,0.21317365269461078,0.27275449101796406,0.27994011976047906
177.7352,68.7108,1.0,1.0,1.0
22.2648,68.7108,0.9356287425149701,0.8697604790419161,0.8389221556886227
21.3099,66.9837,0.994311377245509,0.9535928143712575,0.9404191616766467
20.4915,65.2615,0.8892215568862275,0.6434131736526946,0.5796407185628742
19.7824,63.5459,0.9491017964071856,0.829940119760479,0.7826347305389222
16.953,53.4633,0.29880239520958085,0.27005988023952093,0.25868263473053893
16.6325,51.8269,0.7712574850299401,0.812874251497006,0.8233532934131736
16.3402,50.2051,0.5107784431137724,0.49550898203592814,0.47964071856287427
16.0725,48.5983,0.13053892215568863,0.10449101796407186,0.08263473053892216
15.8263,47.0071,0.3122754491017964,0.4473053892215569,0.45089820359281435
15.5993,45.432,0.2937125748502994,0.34850299401197604,0.3260479041916168
15.3893,43.8733,0.3931137724550898,0.6844311377245509,0.6748502994011976
16.8428,67.2616,0.9970059880239521,0.9434131736526946,0.9344311377245509
15.9061,63.7832,0.9296407185628742,0.6580838323353293,0.6473053892215569
15.5275,62.0591,0.887125748502994,0.6865269461077844,0.651497005988024
15.1944,60.3464,0.7227544910179641,0.6517964071856287,0.6173652694610778
14.8991,58.6459,0.8197604790419162,0.8134730538922156,0.8116766467065868
14.6355,56.9582,0.744311377245509,0.7808383233532934,0.7922155688622754
14.1849,53.6241,0.40838323353293415,0.4479041916167665,0.442814371257485
13.9909,51.9789,0.3374251497005988,0.43353293413173655,0.4152694610778443
13.8141,50.3489,0.41377245508982036,0.4745508982035928,0.487125748502994
13.6522,48.7347,0.5191616766467065,0.5035928143712575,0.4745508982035928
13.5035,47.1366,0.6191616766467066,0.7470059880239521,0.712874251497006
11.8476,62.1703,0.7473053892215569,0.38323353293413176,0.3188622754491018
11.7357,60.4501,0.49550898203592814,0.38562874251497004,0.3374251497005988
11.6366,58.7429,0.5616766467065868,0.6353293413173653,0.6218562874251496
11.4688,55.3697,0.5317365269461077,0.5958083832335329,0.61437125748503
11.3972,53.7049,0.2341317365269461,0.3410179640718563,0.3209580838323353
11.3322,52.0552,0.34161676646706585,0.45089820359281435,0.43233532934131735
11.273,50.4211,0.4997005988023952,0.6239520958083832,0.6377245508982036
11.2189,48.8031,0.4341317365269461,0.5368263473053893,0.5134730538922155
11.1691,47.2016,0.461377245508982,0.3017964071856287,0.3023952095808383
11.1233,45.6169,0.17964071856287425,0.25179640718562873,0.22874251497005987
11.0809,44.0493,0.27365269461077846,0.42604790419161676,0.4032934131736527
11.0416,42.4993,0.35508982035928144,0.557185628742515,0.5497005988023952
8.1524,62.1703,0.7778443113772455,0.5380239520958083,0.5005988023952096
8.2643,60.4501,0.6065868263473054,0.31676646706586825,0.26736526946107786
8.5312,55.3697,0.3458083832335329,0.46467065868263474,0.45269461077844314
8.6028,53.7049,0.27245508982035926,0.3598802395209581,0.3458083832335329
8.6678,52.0552,0.3134730538922156,0.3997005988023952,0.3853293413173653
8.727,50.4211,0.255688622754491,0.4212574850299401,0.3976047904191617
8.7811,48.8031,0.20209580838323354,0.3023952095808383,0.3152694610778443
8.9191,44.0493,0.6374251497005988,0.6877245508982036,0.6766467065868264
-163.6598,65.5176,0.9964071856287425,0.9931137724550898,0.9937125748502994
-163.1572,67.2616,0.979940119760479,0.9841317365269461,0.9853293413173653
-162.5686,69.0139,1.0,0.9979041916167665,0.9985029940119761
4.8056,60.3464,0.9565868263473054,0.979940119760479,0.9919161676646706
6.0091,51.9789,0.4655688622754491,0.5401197604790419,0.5425149700598803
6.1859,50.3489,0.5203592814371257,0.5281437125748503,0.5191616766467065
6.3478,48.7347,0.2751497005988024,0.19401197604790418,0.19191616766467065
6.4965,47.1366,0.6239520958083832,0.7182634730538923,0.7227544910179641
6.6335,45.5551,0.7464071856287425,0.761377245508982,0.7607784431137724
-159.5085,65.2615,1.0,0.9946107784431137,0.9949101796407186
-157.7352,68.7108,1.0,0.9991017964071857,0.9979041916167665
-156.6075,70.4406,0.9991017964071857,0.9994011976047904,0.9985029940119761
3.6598,50.2051,0.39580838323353296,0.30508982035928145,0.30449101796407185
3.9275,48.5983,0.5074850299401198,0.4050898203592814,0.3967065868263473
4.1737,47.0071,0.5305389221556887,0.4721556886227545,0.4664670658682635
4.4007,45.432,0.5296407185628742,0.645808383233533,0.6562874251497006
4.6107,43.8733,1.0,1.0,1.0
-156.4296,63.1944,0.9808383233532935,0.9895209580838323,0.9868263473053892
-155.4655,64.8827,0.9877245508982035,0.9874251497005988,0.9913173652694611
-154.3578,66.5738,0.9931137724550898,0.9961077844311377,0.9952095808383233
-153.0725,68.2649,1.0,0.9994011976047904,0.9997005988023953
-151.5651,69.9528,1.0,0.9991017964071857,0.9997005988023953
0.3112,53.2238,0.44491017964071855,0.305688622754491,0.2961077844311377
0.7539,51.6005,0.27005988023952093,0.28652694610778445,0.2748502994011976
1.1582,49.9906,0.38592814371257483,0.37305389221556884,0.36916167664670657
1.5289,48.3948,0.31766467065868265,0.3095808383233533,0.29850299401197605
1.8699,46.8138,1.0,1.0,1.0
2.1847,45.2482,0.10508982035928144,0.11646706586826347,0.10658682634730539
2.4762,43.6983,0.28562874251497006,0.4305389221556886,0.4167664670658683
-155.5792,57.7887,0.7155688622754491,0.7086826347305389,0.7149700598802395
-154.7449,59.4322,0.8320359281437125,0.6347305389221557,0.6176646706586826
-153.8108,61.0812,0.9745508982035929,0.8389221556886227,0.8473053892215568
-150.2011,66.0392,0.9967065868263473,0.9940119760479041,0.9916167664670659
-148.6294,67.6855,0.9994011976047904,0.9982035928143712,0.9970059880239521
-146.8014,69.3217,0.9997005988023953,0.9988023952095808,0.9994011976047904
-4.4208,57.7887,0.829940119760479,0.8748502994011976,0.8775449101796408
-3.6713,56.1525,0.982934131736527,0.9946107784431137,0.9952095808383233
-2.9946,54.525,0.7407185628742515,0.854191616766467,0.8646706586826347
-2.3808,52.9076,0.331437125748503,0.2958083832335329,0.2832335329341317
-1.8215,51.3012,0.3005988023952096,0.2437125748502994,0.2374251497005988
-0.8403,48.1256,0.5802395209580838,0.5904191616766467,0.598502994011976
-0.4077,46.558,1.0,1.0,1.0
-0.008,45.0047,1.0,1.0,1.0
-150.4633,60.5542,0.46976047904191615,0.44520958083832335,0.40688622754491016
-149.2277,62.1703,0.9269461077844311,0.8601796407185629,0.831437125748503
-147.8337,63.7832,0.8748502994011976,0.8964071856287426,0.8688622754491018
-146.2505,65.3892,0.9958083832335329,0.9853293413173653,0.9775449101796407
-144.44,66.9837,0.9637724550898203,0.9826347305389221,0.98562874251497
-142.354,68.5611,0.9997005988023953,0.9985029940119761,0.9988023952095808
-5.7512,54.112,0.7284431137724551,0.7604790419161677,0.7610778443113773
-3.1726,47.7924,1.0,1.0,1.0
-145.8545,61.511,0.9823353293413174,0.9538922155688623,0.9604790419161676
-142.5256,64.6337,0.9694610778443113,0.9823353293413174,0.974251497005988
-140.5241,66.1716,0.9958083832335329,0.9931137724550898,0.9931137724550898
-138.2405,67.6855,1.0,0.9997005988023953,0.9991017964071857
-135.6197,69.1672,1.0,0.9991017964071857,0.9991017964071857
-125.0,73.2994,1.0,0.9997005988023953,0.9997005988023953
-8.4349,53.6241,0.8724550898203592,0.7485029940119761,0.7461077844311377
-7.5924,52.0552,0.829940119760479,0.7080838323353293,0.7098802395209581
-136.8887,65.2615,0.9940119760479041,0.9973053892215569,0.9958083832335329
-134.4623,66.7095,0.9991017964071857,0.9991017964071857,0.9982035928143712
-131.7098,68.1185,1.0,0.9994011976047904,0.9994011976047904
-128.5763,69.4775,0.9997005988023953,0.9985029940119761,0.9997005988023953
-120.9144,71.9891,1.0,0.9994011976047904,0.9991017964071857
-116.2538,73.1056,1.0,0.9994011976047904,0.9994011976047904
-135.7843,62.8481,0.9134730538922156,0.9275449101796407,0.9392215568862275
-133.5308,64.2653,0.9958083832335329,0.9895209580838323,0.9883233532934131
-131.009,65.6469,0.9979041916167665,0.9970059880239521,0.9952095808383233
-128.1798,66.9837,1.0,0.9967065868263473,0.9991017964071857
-125.0,68.2649,0.9994011976047904,0.9985029940119761,0.9988023952095808
-121.4237,69.4775,1.0,0.9988023952095808,0.9991017964071857
-117.4054,70.6061,1.0,0.9988023952095808,1.0
-112.9052,71.6329,1.0,0.9997005988023953,0.9988023952095808
-107.8973,72.5379,0.9997005988023953,0.9994011976047904,0.9994011976047904
-136.7683,59.0361,0.6610778443113773,0.8862275449101796,0.8784431137724551
-134.8658,60.4501,0.9748502994011976,0.8047904191616766,0.7877245508982036
-132.7652,61.8384,0.9868263473053892,0.9538922155688623,0.9559880239520958
-130.4403,63.1944,0.9982035928143712,0.9874251497005988,0.9853293413173653
-127.8624,64.5102,0.9820359281437125,0.9898203592814371,0.9901197604790419
-125.0,65.7769,0.9994011976047904,0.9940119760479041,0.9982035928143712
-121.8202,66.9837,0.9985029940119761,0.9973053892215569,0.9994011976047904
-118.2902,68.1185,1.0,0.9985029940119761,0.9991017964071857
-114.3803,69.1672,0.9997005988023953,0.9982035928143712,0.9997005988023953
-110.0686,70.1139,1.0,0.9988023952095808,0.9991017964071857
-105.3462,70.9418,1.0,0.9988023952095808,0.9997005988023953
-134.0903,58.0713,0.2619760479041916,0.738622754491018,0.7209580838323353
-129.9697,60.7636,0.8491017964071856,0.9116766467065869,0.8877245508982036
-127.6026,62.0591,0.968562874251497,0.9676646706586827,0.9601796407185629
-125.0,63.3109,0.9841317365269461,0.9841317365269461,0.981437125748503
-122.1376,64.5102,0.9967065868263473,0.9919161676646706,0.9937125748502994
-118.991,65.6469,0.9778443113772455,0.9934131736526947,0.9931137724550898
-115.5377,66.7095,1.0,0.9976047904191617,0.9988023952095808
-111.7595,67.6855,0.9991017964071857,0.9982035928143712,0.9970059880239521
-107.646,68.5611,1.0,0.9961077844311377,0.9985029940119761
-103.1986,69.3217,0.9997005988023953,0.9988023952095808,0.9985029940119761
-93.3925,70.4406,1.0,0.9994011976047904,0.9997005988023953
-88.1301,70.7731,0.9997005988023953,0.9985029940119761,0.9994011976047904
-133.427,55.7149,0.5497005988023952,0.9044910179640718,0.9416167664670658
-131.5819,57.0492,1.0,0.8811377245508982,0.8640718562874251
-129.5739,58.3571,0.9482035928143713,0.8607784431137725,0.8491017964071856
-125.0,60.869,0.7919161676646707,0.8934131736526946,0.8817365269461078
-122.3974,62.0591,0.9910179640718563,0.9697604790419162,0.9745508982035929
-119.5597,63.1944,0.9964071856287425,0.9895209580838323,0.9916167664670659
-116.4692,64.2653,0.9958083832335329,0.9925149700598802,0.9937125748502994
-113.1113,65.2615,0.9991017964071857,0.9958083832335329,0.9964071856287425
-109.4759,66.1716,1.0,0.9979041916167665,0.9973053892215569
-105.56,66.9837,1.0,0.9976047904191617,0.9967065868263473
-101.3706,67.6855,1.0,0.9961077844311377,0.9985029940119761
-96.9275,68.2649,1.0,0.9955089820359282,0.9976047904191617
-92.2648,68.7108,1.0,0.9967065868263473,0.9997005988023953
-82.4896,69.1672,1.0,0.9601796407185629,0.9760479041916168
-129.2364,55.9766,0.875748502994012,0.768562874251497,0.7676646706586826
-127.2026,57.2322,0.8820359281437126,0.8197604790419162,0.7988023952095809
-125.0,58.453,0.6820359281437126,0.7640718562874251,0.7101796407185629
-122.6141,59.6325,0.9613772455089821,0.938622754491018,0.938622754491018
-120.0303,60.7636,0.968562874251497,0.9455089820359281,0.9269461077844311
-117.2348,61.8384,0.9775449101796407,0.9736526946107784,0.975748502994012
-114.2157,62.8481,0.9922155688622755,0.9874251497005988,0.9892215568862276
-110.9638,63.7832,0.9949101796407186,0.9961077844311377,0.9937125748502994
-107.4744,64.6337,1.0,0.9976047904191617,0.9955089820359282
-103.7495,65.3892,1.0,0.9952095808383233,0.9988023952095808
-99.7989,66.0392,1.0,0.9976047904191617,0.9982035928143712
-95.6422,66.5738,1.0,0.9958083832335329,0.9991017964071857
-91.3099,66.9837,1.0,0.9958083832335329,0.9988023952095808
-86.8428,67.2616,1.0,0.9928143712574851,0.9958083832335329
-82.2906,67.4019,0.9958083832335329,0.9464071856287425,0.9679640718562874
-128.9452,53.6241,0.06526946107784432,0.6323353293413174,0.644311377245509
-122.7974,57.2322,0.6263473053892216,0.7056886227544911,0.6844311377245509
-120.4261,58.3571,0.9997005988023953,0.9868263473053892,0.9883233532934131
-117.875,59.4322,0.9934131736526947,0.982934131736527,0.979940119760479
-115.1342,60.4501,0.9778443113772455,0.9440119760479042,0.9476047904191617
-112.1957,61.4029,0.9643712574850299,0.9733532934131737,0.9751497005988023
-109.0546,62.2819,0.9808383233532935,0.9865269461077845,0.9853293413173653
-105.71,63.0784,0.9967065868263473,0.994311377245509,0.9970059880239521
-102.1663,63.7832,0.9976047904191617,0.9949101796407186,0.9958083832335329
-98.4349,64.3874,0.9991017964071857,0.9949101796407186,0.9967065868263473
-94.5345,64.8827,1.0,0.9964071856287425,0.9976047904191617
-90.4915,65.2615,1.0,0.9970059880239521,0.9985029940119761
-86.3402,65.5176,1.0,0.9877245508982035,0.9907185628742515
-126.9092,52.517,0.2967065868263473,0.42634730538922155,0.38323353293413176
-120.7636,55.9766,0.7502994011976047,0.704191616766467,0.6967065868263473
-118.4181,57.0492,0.9853293413173653,0.9194610778443114,0.9212574850299401
-115.9097,58.0713,0.9967065868263473,0.9916167664670659,0.9928143712574851
-113.2317,59.0361,0.9236526946107785,0.865568862275449,0.8634730538922155
-110.3791,59.936,0.9880239520958084,0.9769461077844311,0.975748502994012
-107.3499,60.7636,0.9817365269461078,0.9862275449101796,0.9859281437125749
-104.1455,61.511,0.9847305389221557,0.9913173652694611,0.988622754491018
-100.7723,62.1703,0.9946107784431137,0.9904191616766467,0.9883233532934131
-97.2415,62.7337,0.9958083832335329,0.9901197604790419,0.9913173652694611
-93.5704,63.1944,0.9991017964071857,0.9928143712574851,0.9949101796407186
-126.7899,50.2051,0.3994011976047904,0.7086826347305389,0.7092814371257485
-125.0,51.3757,0.7847305389221557,0.38772455089820357,0.3781437125748503
-123.0908,52.517,0.7508982035928143,0.7940119760479042,0.8026946107784431
-121.0548,53.6241,0.922754491017964,0.9095808383233533,0.8976047904191616
-118.8845,54.6919,0.8619760479041916,0.8868263473053892,0.8874251497005988
-116.573,55.7149,0.9931137724550898,0.9413173652694611,0.9395209580838323
-114.1145,56.687,0.9425149700598803,0.837125748502994,0.8344311377245509
-111.5043,57.6019,0.9910179640718563,0.9437125748502994,0.9479041916167664
-108.7398,58.453,0.9739520958083833,0.9622754491017964,0.9550898203592815
-105.821,59.2333,0.9844311377245509,0.979940119760479,0.98562874251497
-102.751,59.936,0.9739520958083833,0.9832335329341317,0.9835329341317365
-99.5367,60.5542,0.9949101796407186,0.9922155688622755,0.9901197604790419
-96.1892,61.0812,0.9982035928143712,0.988622754491018,0.9940119760479041
-74.4725,62.0591,0.9892215568862276,0.8898203592814371,0.9
-125.0,49.0784,0.12065868263473054,0.33532934131736525,0.32904191616766465
-123.2101,50.2051,0.6589820359281438,0.4038922155688623,0.38802395209580837
-121.3086,51.3012,0.6410179640718563,0.827245508982036,0.8257485029940119
-119.2894,52.3622,0.8961077844311377,0.7844311377245509,0.7817365269461077
-117.1467,53.3833,0.6733532934131736,0.7832335329341318,0.7703592814371257
-114.8753,54.3591,0.9607784431137725,0.8392215568862276,0.854191616766467
-112.4712,55.2841,0.9323353293413174,0.8392215568862276,0.8488023952095808
-109.9315,56.1525,0.9670658682634731,0.9176646706586826,0.9149700598802395
-107.2553,56.9582,0.9694610778443113,0.9263473053892216,0.9290419161676646
-104.444,57.6951,0.9580838323353293,0.9679640718562874,0.9715568862275449
-101.5014,58.3571,0.979940119760479,0.9826347305389221,0.981437125748503
-98.4349,58.938,0.9616766467065868,0.9877245508982035,0.9850299401197605
-95.2551,59.4322,0.988622754491018,0.9913173652694611,0.988622754491018
-74.8056,60.3464,0.9997005988023953,0.974251497005988,0.975748502994012
-71.3844,60.1404,0.9997005988023953,0.9802395209580839,0.9865269461077845
-64.7449,59.4322,0.9901197604790419,0.9532934131736527,0.9586826347305389
-123.3153,47.9253,0.08742514970059881,0.27215568862275447,0.25149700598802394
-121.5318,49.0093,0.7946107784431138,0.9470059880239521,0.9529940119760479
-119.6442,50.0619,0.9017964071856287,0.9389221556886228,0.9502994011976048
-117.6476,51.0787,0.8281437125748503,0.7170658682634731,0.7029940119760479
-115.5377,52.0552,0.7865269461077844,0.8086826347305389,0.7979041916167665
-113.3106,52.9863,0.7362275449101796,0.4125748502994012,0.4377245508982036
-110.9638,53.867,0.8874251497005988,0.7065868263473054,0.7053892215568862
-108.4956,54.6919,0.7772455089820359,0.6068862275449102,0.6158682634730539
-105.9065,55.4556,0.9194610778443114,0.8449101796407186,0.8455089820359282
-103.1986,56.1525,0.9413173652694611,0.944311377245509,0.9470059880239521
-100.3764,56.7771,0.9176646706586826,0.9712574850299401,0.9676646706586827
-97.4472,57.3241,0.9670658682634731,0.9763473053892215,0.9790419161676647
-94.4208,57.7887,0.9640718562874252,0.9823353293413174,0.9820359281437125
-75.1009,58.6459,0.9964071856287425,0.9826347305389221,0.9877245508982035
-71.8699,58.453,0.9919161676646706,0.9802395209580839,0.9790419161676647
-68.6901,58.1662,0.9970059880239521,0.9850299401197605,0.9850299401197605
-65.5792,57.7887,0.9985029940119761,0.9781437125748503,0.9772455089820359
-62.5528,57.3241,0.9640718562874252,0.921556886227545,0.9131736526946108
-123.4089,45.6787,0.3664670658682635,0.5059880239520959,0.4787425149700599
-121.7295,46.7497,0.01976047904191617,0.1248502994011976,0.11137724550898204
-119.9575,47.7924,0.4631736526946108,0.6125748502994012,0.6479041916167665
-118.0888,48.8031,0.7368263473053892,0.7793413173652695,0.8005988023952095
-114.0459,50.7116,0.3254491017964072,0.45718562874251495,0.4532934131736527
-111.866,51.6005,0.4547904191616767,0.28592814371257486,0.2964071856287425
-109.5778,52.4395,0.8727544910179641,0.7134730538922156,0.7491017964071857
-107.1811,53.2238,0.9176646706586826,0.8098802395209581,0.8146706586826348
-104.6769,53.9484,0.9865269461077845,0.951497005988024,0.9574850299401197
-102.0679,54.6084,0.9032934131736527,0.8904191616766467,0.8760479041916168
-99.359,55.1987,0.8877245508982036,0.9359281437125748,0.9362275449101797
-96.5571,55.7149,0.9122754491017964,0.9631736526946107,0.9580838323353293
-93.6713,56.1525,0.9595808383233533,0.9712574850299401,0.9652694610778443
-90.7131,56.5077,0.9359281437125748,0.9697604790419162,0.9673652694610778
-75.3645,56.9582,0.9847305389221557,0.9835329341317365,0.9847305389221557
-72.3039,56.7771,0.9796407185628743,0.9760479041916168,0.982934131736527
-69.2869,56.5077,0.9880239520958084,0.9796407185628743,0.979940119760479
-66.3287,56.1525,0.9763473053892215,0.9652694610778443,0.9664670658682635
-63.4429,55.7149,0.9874251497005988,0.9682634730538923,0.9655688622754491
-60.641,55.1987,1.0,0.9979041916167665,0.9979041916167665
-57.9321,54.6084,0.9991017964071857,0.9925149700598802,0.9934131736526947
-123.4926,43.4664,0.3458083832335329,0.3784431137724551,0.3661676646706587
-121.9059,44.5234,0.06646706586826347,0.1347305389221557,0.12574850299401197
-120.2364,45.5551,0.1784431137724551,0.19940119760479041,0.18862275449101795
-118.4802,46.558,0.42065868263473055,0.4182634730538922,0.38263473053892216
-116.6341,47.5284,0.3625748502994012,0.5407185628742515,0.5197604790419161
-114.6952,48.4625,0.2344311377245509,0.26407185628742513,0.25299401197604793
-112.6609,49.3561,0.7910179640718563,0.7889221556886228,0.7925149700598803
-110.5297,50.2051,0.5326347305389222,0.4431137724550898,0.4541916167664671
-108.3008,51.0049,0.7637724550898204,0.6320359281437126,0.6580838323353293
-105.9744,51.7513,0.9434131736526946,0.7886227544910179,0.8257485029940119
-103.5523,52.4395,0.9670658682634731,0.8889221556886228,0.901497005988024
-101.0375,53.0653,0.7865269461077844,0.7287425149700599,0.7610778443113773
-95.7512,54.112,0.8502994011976048,0.9149700598802395,0.9197604790419162
-92.9946,54.525,0.8946107784431138,0.9296407185628742,0.9353293413173652
-90.1755,54.8599,0.9260479041916168,0.938622754491018,0.9353293413173652
-87.3058,55.1136,0.9206586826347305,0.9383233532934132,0.9404191616766467
-84.3987,55.2841,0.8047904191616766,0.911377245508982,0.9086826347305389
-78.5312,55.3697,0.925748502994012,0.9266467065868264,0.9347305389221557
-75.6013,55.2841,0.9838323353293413,0.982934131736527,0.9811377245508982
-72.6942,55.1136,0.9907185628742515,0.9847305389221557,0.9865269461077845
-69.8245,54.8599,0.9913173652694611,0.981437125748503,0.9871257485029941
-67.0054,54.525,0.9778443113772455,0.9730538922155688,0.9700598802395209
-64.2488,54.112,0.9631736526946107,0.954191616766467,0.9643712574850299
-61.5651,53.6241,0.9676646706586827,0.9413173652694611,0.9347305389221557
-58.9625,53.0653,0.9817365269461078,0.9565868263473054,0.962874251497006
-56.4477,52.4395,0.9679640718562874,0.86437125748503,0.8907185628742516
-120.486,43.3511,0.828443113772455,0.8808383233532934,0.884431137724551
-118.8298,44.3448,0.5407185628742515,0.667065868263473,0.6491017964071857
-117.0928,45.3093,0.6209580838323353,0.6733532934131736,0.6952095808383234
-115.2724,46.2411,0.3532934131736527,0.24520958083832337,0.2311377245508982
-113.3664,47.1366,0.1562874251497006,0.11407185628742515,0.1029940119760479
-111.373,47.9919,0.8658682634730539,0.88562874251497,0.8853293413173653
-109.2914,48.8031,0.6718562874251497,0.609880239520958,0.6470059880239521
-107.1213,49.5661,0.7488023952095808,0.6233532934131737,0.6491017964071857
-104.8637,50.2769,0.5709580838323354,0.4041916167664671,0.4236526946107784
-102.5206,50.9313,0.9080838323353293,0.7224550898203593,0.731437125748503
-100.0952,51.5254,0.8053892215568862,0.609880239520958,0.6269461077844312
-97.5924,52.0552,0.6673652694610779,0.7092814371257485,0.7254491017964072
-95.0184,52.517,0.8619760479041916,0.854191616766467,0.8547904191616766
-92.3808,52.9076,0.9119760479041916,0.9029940119760479,0.9029940119760479
-89.6888,53.2238,0.9209580838323354,0.9035928143712575,0.9212574850299401
-86.953,53.4633,0.9362275449101797,0.9305389221556887,0.9353293413173652
-84.1849,53.6241,0.9413173652694611,0.937125748502994,0.9398203592814371
-78.6028,53.7049,0.9398203592814371,0.9508982035928144,0.9523952095808383
-75.8151,53.6241,0.9832335329341317,0.9781437125748503,0.9733532934131737
-73.047,53.4633,0.9877245508982035,0.9847305389221557,0.9823353293413174
-70.3112,53.2238,0.9877245508982035,0.9844311377245509,0.9862275449101796
-67.6192,52.9076,0.9811377245508982,0.9733532934131737,0.9772455089820359
-64.9816,52.517,0.9820359281437125,0.9511976047904191,0.9604790419161676
-62.4076,52.0552,0.9167664670658683,0.8194610778443113,0.8254491017964072
-59.9048,51.5254,0.9895209580838323,0.9392215568862275,0.9559880239520958
-57.4794,50.9313,0.8080838323353293,0.9089820359281438,0.9317365269461078
-122.2073,40.1749,0.6029940119760479,0.7817365269461077,0.792814371257485
-120.7108,41.1814,0.6979041916167664,0.7769461077844312,0.7718562874251497
-119.144,42.1647,0.5125748502994012,0.6149700598802396,0.584131736526946
-117.5041,43.1217,0.5404191616766467,0.5233532934131736,0.5041916167664671
-113.9965,44.9442,0.28023952095808385,0.181437125748503,0.18113772455089822
-112.125,45.8028,0.511377245508982,0.3470059880239521,0.3646706586826347
-110.1735,46.6218,0.701497005988024,0.6787425149700599,0.670059880239521
-108.1416,47.3973,0.7955089820359281,0.7922155688622754,0.8050898203592814
-106.0296,48.1256,0.5988023952095808,0.5086826347305389,0.520059880239521
-103.8387,48.8031,0.6269461077844312,0.5104790419161677,0.5326347305389222
-101.5713,49.426,0.5308383233532934,0.41407185628742516,0.44011976047904194
-99.2307,49.9906,0.49491017964071854,0.31137724550898205,0.31796407185628744
-96.8214,50.4935,0.6967065868263473,0.49760479041916167,0.5086826347305389
-94.3493,50.9313,0.6997005988023952,0.6865269461077844,0.701497005988024
-91.8215,51.3012,0.8440119760479042,0.8191616766467066,0.8338323353293413
-89.2461,51.6005,0.8841317365269461,0.8550898203592814,0.8706586826347306
-86.6325,51.8269,0.8919161676646706,0.88562874251497,0.8970059880239521
-83.9909,51.9789,0.881437125748503,0.8820359281437126,0.8859281437125749
-81.3322,52.0552,0.7919161676646707,0.8823353293413174,0.8832335329341318
-78.6678,52.0552,0.9275449101796407,0.9422155688622754,0.9497005988023952
-76.0091,51.9789,0.9802395209580839,0.957185628742515,0.9643712574850299
-73.3675,51.8269,0.9778443113772455,0.9706586826347305,0.9730538922155688
-70.7539,51.6005,0.9826347305389221,0.9748502994011976,0.9673652694610778
-68.1785,51.3012,0.9655688622754491,0.9404191616766467,0.9461077844311377
-65.6507,50.9313,0.9107784431137724,0.8098802395209581,0.8101796407185629
-63.1786,50.4935,0.988622754491018,0.9583832335329341,0.9649700598802395
-120.9144,39.0469,0.38263473053892216,0.5994011976047904,0.6137724550898204
-119.4278,40.0187,0.16437125748502995,0.20508982035928144,0.18383233532934132
-117.875,40.9669,0.19850299401197605,0.2868263473053892,0.2694610778443114
-116.2538,41.8886,0.429940119760479,0.474251497005988,0.45089820359281435
-114.5625,42.7807,0.3583832335329341,0.4227544910179641,0.4095808383233533
-112.7995,43.6402,0.28532934131736526,0.3973053892215569,0.4098802395209581
-110.9638,44.4638,0.7901197604790419,0.7221556886227545,0.704191616766467
-109.0546,45.2482,0.49670658682634733,0.518562874251497,0.5308383233532934
-107.0721,45.9899,0.43832335329341315,0.43892215568862275,0.4529940119760479
-105.0169,46.6857,0.5044910179640718,0.48562874251497007,0.47634730538922154
-102.8906,47.3319,0.561377245508982,0.5311377245508982,0.5266467065868263
-100.6955,47.9253,0.6712574850299401,0.6158682634730539,0.611377245508982
-98.4349,48.4625,0.4667664670658683,0.33652694610778444,0.3529940119760479
-96.1134,48.9404,0.3772455089820359,0.2218562874251497,0.23652694610778444
-93.7363,49.3561,0.6026946107784431,0.5107784431137724,0.5182634730538922
-91.3099,49.707,0.7290419161676647,0.6664670658682634,0.6748502994011976
-88.8418,49.9906,0.7086826347305389,0.7290419161676647,0.7218562874251497
-86.3402,50.2051,0.7688622754491018,0.7610778443113773,0.7745508982035928
-83.8141,50.3489,0.8200598802395209,0.811377245508982,0.8239520958083832
-81.273,50.4211,0.8359281437125748,0.8547904191616766,0.8580838323353294
-78.727,50.4211,0.8838323353293414,0.8988023952095808,0.895808383233533
-76.1859,50.3489,0.8805389221556886,0.8997005988023952,0.9119760479041916
-73.6598,50.2051,0.8973053892215569,0.8946107784431138,0.8997005988023952
-71.1582,49.9906,0.9320359281437126,0.8976047904191616,0.9068862275449102
-68.6901,49.707,0.8182634730538922,0.7961077844311377,0.8137724550898203
-119.6855,37.9077,0.15838323353293413,0.14880239520958083,0.12005988023952095
-118.211,38.8459,0.20209580838323354,0.24431137724550897,0.2179640718562874
-116.6743,39.7602,0.4553892215568862,0.5592814371257485,0.5218562874251497
-115.0738,40.6478,0.18712574850299402,0.2898203592814371,0.2718562874251497
-113.4078,41.5059,0.040419161676646706,0.13652694610778443,0.13323353293413173
-111.6755,42.3316,0.7365269461077845,0.644311377245509,0.6553892215568863
-109.876,43.1217,0.5095808383233533,0.5122754491017965,0.5059880239520959
-108.0092,43.8733,0.6146706586826347,0.5775449101796407,0.5895209580838323
-106.0754,44.5832,0.4182634730538922,0.3916167664670659,0.36766467065868264
-104.0755,45.2482,0.5110778443113773,0.5122754491017965,0.5134730538922155
-102.0113,45.8651,0.40808383233532936,0.4350299401197605,0.4422155688622755
-99.8852,46.4309,0.6419161676646706,0.5838323353293413,0.572754491017964
-97.7004,46.9425,0.47335329341317367,0.3916167664670659,0.3964071856287425
-95.4612,47.3973,0.545808383233533,0.44640718562874254,0.4488023952095808
-93.1726,47.7924,0.26437125748502993,0.16167664670658682,0.17065868263473055
-90.8403,48.1256,0.305688622754491,0.23562874251497007,0.24760479041916167
-88.4711,48.3948,0.624251497005988,0.5808383233532934,0.5862275449101796
-86.0725,48.5983,0.5811377245508982,0.5467065868263473,0.5541916167664671
-83.6522,48.7347,0.6341317365269461,0.5862275449101796,0.6233532934131737
-81.2189,48.8031,0.7146706586826347,0.6934131736526946,0.7134730538922156
-78.7811,48.8031,0.7395209580838323,0.744311377245509,0.7508982035928143
-76.3478,48.7347,0.7050898203592815,0.7365269461077845,0.7371257485029941
-73.9275,48.5983,0.7649700598802395,0.7281437125748503,0.7290419161676647
-71.5289,48.3948,0.712874251497006,0.6275449101796408,0.6497005988023952
-69.1597,48.1256,0.9733532934131737,0.9380239520958084,0.9410179640718563
-66.8274,47.7924,0.9802395209580839,0.9335329341317365,0.9461077844311377
-117.0565,37.6652,0.1937125748502994,0.28293413173652693,0.262874251497006
-115.5377,38.5467,0.27035928143712573,0.3565868263473054,0.33592814371257484
-113.9591,39.4016,0.08832335329341318,0.11197604790419162,0.10419161676646707
-112.3196,40.2271,0.08323353293413174,0.1559880239520958,0.1410179640718563
-110.6186,41.0204,0.6368263473053892,0.6877245508982036,0.6610778443113773
-108.8557,41.7788,0.8290419161676646,0.8059880239520958,0.8149700598802395
-107.0309,42.4993,0.3467065868263473,0.22934131736526947,0.23323353293413174
-105.1448,43.1789,0.2949101796407186,0.2652694610778443,0.26437125748502993
-103.1986,43.8149,0.6383233532934132,0.592814371257485,0.5952095808383233
-101.1941,44.4042,0.22335329341317364,0.27065868263473053,0.25359281437125747
-99.1336,44.9442,0.8676646706586826,0.8661676646706586,0.8709580838323353
-97.0205,45.432,0.95,0.9278443113772455,0.920059880239521
-94.8586,45.8651,0.624251497005988,0.5856287425149701,0.5811377245508982
-92.6526,46.2411,0.525748502994012,0.4152694610778443,0.4092814371257485
-90.4077,46.558,0.5625748502994012,0.45898203592814374,0.468562874251497
-88.1301,46.8138,0.8062874251497006,0.7422155688622755,0.7359281437125749
-83.5035,47.1366,0.6874251497005988,0.5895209580838323,0.61437125748503
-81.1691,47.2016,0.6883233532934132,0.6347305389221557,0.6766467065868264
-78.8309,47.2016,0.49640718562874253,0.3976047904191617,0.4035928143712575
-76.4965,47.1366,0.46407185628742514,0.3709580838323353,0.38233532934131736
-74.1737,47.0071,0.5365269461077844,0.40449101796407183,0.4227544910179641
-71.8699,46.8138,0.5562874251497006,0.3772455089820359,0.37634730538922156
-69.5923,46.558,0.45239520958083834,0.3083832335329341,0.3275449101796407
-67.3474,46.2411,0.9365269461077844,0.8733532934131737,0.8841317365269461
-65.1414,45.8651,0.9026946107784432,0.9002994011976048,0.907185628742515
-62.9795,45.432,0.8949101796407186,0.9176646706586826,0.9176646706586826
-115.9605,36.4786,0.3062874251497006,0.4167664670658683,0.4101796407185629
-114.4608,37.3286,0.37425149700598803,0.411377245508982,0.38922155688622756
-112.9052,38.152,0.5898203592814372,0.6092814371257484,0.6020958083832335
-111.293,38.9462,0.5248502994011977,0.6655688622754491,0.6925149700598803
-109.6237,39.7087,0.6377245508982036,0.7841317365269461,0.792814371257485
-107.8973,40.4368,0.6622754491017964,0.5592814371257485,0.5655688622754491
-106.1139,41.1277,0.4050898203592814,0.3215568862275449,0.3137724550898204
-104.2744,41.7788,0.10838323353293414,0.1505988023952096,0.1341317365269461
-102.3801,42.3874,0.07095808383233533,0.11467065868263474,0.09850299401197604
-100.4328,42.9508,0.17994011976047905,0.2832335329341317,0.27335329341317366
-98.4349,43.4664,0.26077844311377246,0.3203592814371258,0.3284431137724551
-96.3895,43.9319,0.6008982035928143,0.6212574850299402,0.6044910179640719
-94.3003,44.3448,0.6532934131736527,0.5898203592814372,0.5766467065868264
-92.1715,44.7031,0.920059880239521,0.8847305389221557,0.8787425149700598
-90.008,45.0047,0.5101796407185629,0.5074850299401198,0.5296407185628742
-87.8153,45.2482,0.7961077844311377,0.7652694610778443,0.7706586826347306
-81.1233,45.6169,0.7811377245508982,0.6131736526946108,0.6164670658682635
-78.8767,45.6169,0.8494011976047904,0.7026946107784431,0.7074850299401197
-76.6335,45.5551,0.3778443113772455,0.3317365269461078,0.33652694610778444
-74.4007,45.432,0.6221556886227545,0.36796407185628743,0.36676646706586824
-72.1847,45.2482,0.9652694610778443,0.9065868263473054,0.9026946107784432
-69.992,45.0047,0.8730538922155688,0.8059880239520958,0.7868263473053893
-67.8285,44.7031,0.020059880239520957,0.053293413173652694,0.04880239520958084
-65.6997,44.3448,0.17574850299401198,0.4568862275449102,0.4374251497005988
-113.4399,36.1078,0.6212574850299402,0.6101796407185629,0.5865269461077844
-111.9081,36.9009,0.14850299401197606,0.17275449101796408,0.14760479041916166
-110.3236,37.6652,0.3338323353293413,0.43353293413173655,0.4305389221556886
-108.6861,38.3982,0.18293413173652695,0.25479041916167666,0.24281437125748503
-106.9958,39.0973,0.629940119760479,0.5862275449101796,0.5610778443113772
-105.2532,39.7602,0.02245508982035928,0.046706586826347304,0.040419161676646706
-103.459,40.3842,0.4176646706586826,0.4221556886227545,0.43832335329341315
-101.6148,40.9669,0.053293413173652694,0.08323353293413174,0.0877245508982036
-99.7223,41.5059,0.09640718562874251,0.15119760479041916,0.15778443113772456
-97.7839,41.9988,0.2937125748502994,0.43203592814371256,0.4598802395209581
-95.8025,42.4433,0.40838323353293415,0.49640718562874253,0.5026946107784431
-93.7816,42.8373,0.6497005988023952,0.6640718562874252,0.6526946107784432
-91.7251,43.1789,0.7341317365269461,0.7395209580838323,0.7514970059880239
-89.6375,43.4664,0.75,0.7736526946107785,0.7781437125748503
-85.3893,43.8733,0.7505988023952096,0.724251497005988,0.7263473053892215
-83.2397,43.9906,0.46347305389221555,0.49191616766467067,0.4808383233532934
-81.0809,44.0493,0.494311377245509,0.36706586826347304,0.3646706586826347
-78.9191,44.0493,0.45838323353293414,0.43323353293413175,0.4338323353293413
-76.7603,43.9906,0.5574850299401197,0.49191616766467067,0.461377245508982
-74.6107,43.8733,0.3727544910179641,0.29880239520958085,0.28023952095808385
-72.4762,43.6983,0.40808383233532936,0.40209580838323356,0.3931137724550898
-70.3625,43.4664,0.3688622754491018,0.7622754491017965,0.7266467065868264
-112.4712,34.8858,0.6338323353293414,0.698502994011976,0.6955089820359281
-110.9638,35.6499,0.6326347305389222,0.5128742514970059,0.5251497005988024
-109.4072,36.3855,0.7514970059880239,0.7407185628742515,0.7410179640718563
-107.8015,37.0903,0.7580838323353294,0.9368263473053893,0.9461077844311377
-106.1468,37.762,0.1473053892215569,0.11107784431137725,0.11437125748502994
-104.444,38.3982,0.5389221556886228,0.5853293413173652,0.6101796407185629
-102.6938,38.9965,0.6,0.6221556886227545,0.634431137724551
-100.8978,39.5548,0.331437125748503,0.520059880239521,0.5407185628742515
-99.0577,40.0707,0.3407185628742515,0.4535928143712575,0.4664670658682635
-97.1759,40.5421,0.15209580838323353,0.2877245508982036,0.268562874251497
-95.2551,40.9669,0.38922155688622756,0.5158682634730539,0.5119760479041916
-93.2986,41.3433,0.3625748502994012,0.4625748502994012,0.45179640718562875
-91.3099,41.6694,0.442814371257485,0.5658682634730539,0.5299401197604791
-89.2933,41.9436,0.6347305389221557,0.5988023952095808,0.6227544910179641
-85.1944,42.3316,0.6595808383233533,0.767065868263473,0.7604790419161677
-83.1221,42.4433,0.4344311377245509,0.612874251497006,0.6107784431137725
-81.0416,42.4993,0.7065868263473054,0.6664670658682634,0.6820359281437126
-78.9584,42.4993,0.45119760479041915,0.3775449101796407,0.38053892215568863
-76.8779,42.4433,0.35508982035928144,0.332934131736527,0.3029940119760479
-74.8056,42.3316,0.4290419161676647,0.48952095808383234,0.4625748502994012
-72.7468,42.1647,0.584131736526946,0.8086826347305389,0.7826347305389222
-110.0686,34.4006,0.9293413173652695,0.9577844311377246,0.9476047904191617
-108.54,35.1087,0.8158682634730539,0.901497005988024,0.9122754491017964
-106.9657,35.7866,0.4341317365269461,0.5320359281437126,0.5532934131736527
-105.3462,36.432,0.1505988023952096,0.2251497005988024,0.20778443113772455
-103.6821,37.0429,0.6673652694610779,0.6877245508982036,0.6841317365269461
-101.9745,37.6169,0.5730538922155689,0.615568862275449,0.618562874251497
-100.2249,38.152,0.6529940119760479,0.7482035928143712,0.7568862275449102
-98.4349,38.6462,0.34910179640718564,0.4718562874251497,0.47724550898203594
-96.607,39.0973,0.15808383233532936,0.19730538922155688,0.19580838323353295
-94.7436,39.5036,0.09491017964071856,0.12934131736526946,0.13682634730538923
-92.8477,39.8634,0.3655688622754491,0.5059880239520959,0.48982035928143713
-90.9228,40.1749,0.4167664670658683,0.47784431137724553,0.46706586826347307
-88.9726,40.4368,0.5344311377245509,0.6577844311377246,0.6796407185628742
-87.0013,40.6478,0.4601796407185629,0.5595808383233533,0.5790419161676646
-85.0131,40.807,0.4356287425149701,0.645808383233533,0.6505988023952096
-83.0128,40.9135,0.6523952095808383,0.7937125748502994,0.7907185628742515
-81.0051,40.9669,0.5973053892215568,0.7155688622754491,0.6991017964071856
-78.9949,40.9669,0.6520958083832336,0.73562874251497,0.7029940119760479
-76.9872,40.9135,0.6805389221556887,0.7901197604790419,0.7892215568862275
-74.9869,40.807,0.27215568862275447,0.4212574850299401,0.37664670658682636
-72.9987,40.6478,0.30419161676646705,0.4658682634730539,0.46526946107784434
-109.2192,33.1542,0.9790419161676647,0.982934131736527,0.981437125748503
-107.7185,33.8361,0.4868263473053892,0.5182634730538922,0.5062874251497006
-106.1753,34.4883,0.5748502994011976,0.5461077844311377,0.5502994011976048
-104.5901,35.1087,0.551497005988024,0.562874251497006,0.5634730538922156
-102.9638,35.6954,0.22305389221556887,0.27035928143712573,0.27365269461077846
-101.2974,36.2463,0.38233532934131736,0.42065868263473055,0.3991017964071856
-99.5923,36.7595,0.3526946107784431,0.4218562874251497,0.43173652694610776
-97.8503,37.2331,0.2883233532934132,0.3284431137724551,0.3467065868263473
-96.0736,37.6652,0.4179640718562874,0.4754491017964072,0.49550898203592814
-94.2645,38.0541,0.20179640718562875,0.27904191616766466,0.3014970059880239
-92.4259,38.3982,0.5230538922155689,0.5488023952095809,0.5703592814371258
-90.561,38.696,0.6020958083832335,0.6754491017964072,0.6820359281437126
-88.6732,38.9462,0.36946107784431137,0.531437125748503,0.5535928143712575
-86.7662,39.1478,0.325748502994012,0.4050898203592814,0.4062874251497006
-84.844,39.2999,0.5781437125748503,0.5691616766467066,0.5796407185628742
-82.9108,39.4016,0.36227544910179643,0.4176646706586826,0.4026946107784431
-80.971,39.4526,0.5266467065868263,0.5652694610778443,0.5422155688622754
-79.029,39.4526,0.7748502994011977,0.7904191616766467,0.7736526946107785
-77.0892,39.4016,0.2805389221556886,0.39880239520958083,0.40449101796407183
-75.156,39.2999,0.14850299401197606,0.2805389221556886,0.27275449101796406
-108.4127,31.9121,0.7622754491017965,0.6673652694610779,0.6619760479041916
-106.9395,32.5688,0.8389221556886227,0.8224550898203593,0.8311377245508982
-105.4269,33.1964,0.5877245508982036,0.5931137724550898,0.5817365269461078
-103.8753,33.7931,0.8769461077844312,0.8646706586826347,0.8667664670658682
-102.2856,34.3568,0.829940119760479,0.8131736526946107,0.8080838323353293
-100.6589,34.8858,0.2338323353293413,0.19910179640718562,0.20089820359281438
-98.9967,35.3782,0.858682634730539,0.8910179640718563,0.8925149700598802
-97.3005,35.8323,0.8461077844311378,0.9062874251497006,0.9191616766467066
-95.5725,36.2463,0.7488023952095808,0.8266467065868264,0.8332335329341317
-93.815,36.6188,0.475748502994012,0.5425149700598803,0.5523952095808383
-92.0306,36.9482,0.8670658682634731,0.931437125748503,0.9416167664670658
-90.2222,37.2331,0.9622754491017964,0.9772455089820359,0.9793413173652694
-88.3929,37.4725,0.8269461077844311,0.8535928143712574,0.8691616766467066
-86.5463,37.6652,0.9473053892215569,0.9598802395209581,0.9670658682634731
-84.6859,37.8105,0.2715568862275449,0.3347305389221557,0.32934131736526945
-82.8156,37.9077,0.2754491017964072,0.3029940119760479,0.32934131736526945
-80.9392,37.9564,0.4284431137724551,0.45179640718562875,0.45778443113772455
-79.0608,37.9564,0.25479041916167666,0.41077844311377243,0.40778443113772456
-77.1844,37.9077,0.31766467065868265,0.4416167664670659,0.4350299401197605
-104.7174,31.9121,1.0,1.0,1.0
-103.1986,32.486,1.0,1.0,1.0
-101.6444,33.0279,1.0,1.0,1.0
-100.0561,33.536,0.7266467065868264,0.7817365269461077,0.7667664670658683
-96.7826,34.4444,0.7107784431137725,0.8215568862275449,0.8041916167664671
-95.1011,34.8414,0.7449101796407186,0.8317365269461078,0.8257485029940119
-93.3925,35.1983,0.4604790419161677,0.5994011976047904,0.6005988023952096
-91.6593,35.5138,0.7470059880239521,0.7736526946107785,0.768562874251497
-89.9042,35.7866,0.9281437125748503,0.9404191616766467,0.9452095808383234
-88.1301,36.0157,0.8895209580838324,0.9116766467065869,0.8979041916167665
-86.3402,36.2001,0.9419161676646707,0.9335329341317365,0.9452095808383234
-84.5378,36.3391,0.5859281437125748,0.7149700598802395,0.701497005988024
-82.7263,36.432,0.20838323353293414,0.27335329341317366,0.27215568862275447
-80.9094,36.4786,0.42634730538922155,0.5107784431137724,0.4811377245508982
-79.0906,36.4786,0.7982035928143713,0.9089820359281438,0.9038922155688622
-77.2737,36.432,0.7410179640718563,0.8413173652694611,0.8278443113772455
-87.8831,34.5762,0.6038922155688623,0.6547904191616767,0.6467065868263473
-82.6425,34.9748,0.3907185628742515,0.4592814371257485,0.442814371257485
